#
# There is insufficient memory for the Java Runtime Environment to continue.
# Native memory allocation (mmap) failed to map 13631488 bytes. Error detail: G1 virtual space
# Possible reasons:
#   The system is out of physical RAM or swap space
#   This process is running with CompressedOops enabled, and the Java Heap may be blocking the growth of the native heap
# Possible solutions:
#   Reduce memory load on the system
#   Increase physical memory or swap space
#   Check if swap backing store is full
#   Decrease Java heap size (-Xmx/-Xms)
#   Decrease number of Java threads
#   Decrease Java thread stack sizes (-Xss)
#   Set larger code cache with -XX:ReservedCodeCacheSize=
#   JVM is running with Unscaled Compressed Oops mode in which the Java heap is
#     placed in the first 4GB address space. The Java Heap base address is the
#     maximum limit for the native heap growth. Please use -XX:HeapBaseMinAddress
#     to set the Java Heap base and to place the Java Heap above 4GB virtual address.
# This output file may be truncated or incomplete.
#
#  Out of Memory Error (os_windows.cpp:3737), pid=39144, tid=37780
#
# JRE version: OpenJDK Runtime Environment Microsoft-13106404 (21.0.10+7) (build 21.0.10+7-LTS)
# Java VM: OpenJDK 64-Bit Server VM Microsoft-13106404 (21.0.10+7-LTS, mixed mode, sharing, tiered, compressed oops, compressed class ptrs, g1 gc, windows-amd64)
# No core dump will be written. Minidumps are not enabled by default on client versions of Windows
#

---------------  S U M M A R Y ------------

Command Line: --add-opens=java.base/java.lang=ALL-UNNAMED --add-opens=java.base/java.lang.invoke=ALL-UNNAMED --add-opens=java.base/java.util=ALL-UNNAMED --add-opens=java.prefs/java.util.prefs=ALL-UNNAMED --add-exports=jdk.compiler/com.sun.tools.javac.api=ALL-UNNAMED --add-exports=jdk.compiler/com.sun.tools.javac.util=ALL-UNNAMED --add-opens=java.base/java.nio.charset=ALL-UNNAMED --add-opens=java.base/java.net=ALL-UNNAMED --add-opens=java.base/java.util.concurrent=ALL-UNNAMED --add-opens=java.base/java.util.concurrent.atomic=ALL-UNNAMED --add-opens=java.xml/javax.xml.namespace=ALL-UNNAMED --add-opens=java.base/java.time=ALL-UNNAMED -XX:MaxMetaspaceSize=384m -XX:+HeapDumpOnOutOfMemoryError -Xms256m -Xmx512m -Dfile.encoding=UTF-8 -Duser.country=US -Duser.language=en -Duser.variant -javaagent:C:\Users\Administrator\.gradle\wrapper\dists\gradle-9.7.1-bin\1w1c7tv4s851m17nbqdsro2tv\gradle-9.7.1\lib\agents\gradle-instrumentation-agent-9.7.1.jar org.gradle.launcher.daemon.bootstrap.GradleDaemon 9.7.1

Host: Intel(R) Core(TM) i7-5600U CPU @ 2.60GHz, 4 cores, 7G,  Windows 10 , 64 bit Build 17763 (10.0.17763.4720)
Time: Wed Oct  7 21:57:15 2026 SE Asia Standard Time elapsed time: 7100.009840 seconds (0d 1h 58m 20s)

---------------  T H R E A D  ---------------

Current thread (0x000002d18f5f3a50):  VMThread "VM Thread"          [id=37780, stack(0x000000eb9f700000,0x000000eb9f800000) (1024K)]

Stack: [0x000000eb9f700000,0x000000eb9f800000]
Native frames: (J=compiled Java code, j=interpreted, Vv=VM code, C=native code)
V  [jvm.dll+0x6dfe69]  (no source info available)
V  [jvm.dll+0x8bfe4b]  (no source info available)
V  [jvm.dll+0x8c23da]  (no source info available)
V  [jvm.dll+0x8c2ab3]  (no source info available)
V  [jvm.dll+0x28a9e6]  (no source info available)
V  [jvm.dll+0x6df315]  (no source info available)
V  [jvm.dll+0x6d325a]  (no source info available)
V  [jvm.dll+0x367a0e]  (no source info available)
V  [jvm.dll+0x36f8db]  (no source info available)
V  [jvm.dll+0x3c13a9]  (no source info available)
V  [jvm.dll+0x3c164b]  (no source info available)
V  [jvm.dll+0x33b2c7]  (no source info available)
V  [jvm.dll+0x33da88]  (no source info available)
V  [jvm.dll+0x347eff]  (no source info available)
V  [jvm.dll+0x37e1ff]  (no source info available)
V  [jvm.dll+0x8c881f]  (no source info available)
V  [jvm.dll+0x8c9d03]  (no source info available)
V  [jvm.dll+0x8ca274]  (no source info available)
V  [jvm.dll+0x8ca373]  (no source info available)
V  [jvm.dll+0x86ab8d]  (no source info available)
V  [jvm.dll+0x6e141d]  (no source info available)
C  [ucrtbase.dll+0x2268a]  (no source info available)
C  [KERNEL32.DLL+0x17ac4]  (no source info available)
C  [ntdll.dll+0x5a351]  (no source info available)

VM_Operation (0x000000eb9f2ff700): G1PauseRemark, mode: safepoint, requested by thread 0x000002d1f4590260


---------------  P R O C E S S  ---------------

Threads class SMR info:
_java_thread_list=0x000002d1ae5675e0, length=52, elements={
0x000002d1f298f3f0, 0x000002d18f606d60, 0x000002d18f5fa260, 0x000002d18f5facc0,
0x000002d18f5fba80, 0x000002d18f611bd0, 0x000002d18f638660, 0x000002d18f63e900,
0x000002d18f6c33d0, 0x000002d18f88baa0, 0x000002d18fa1d540, 0x000002d1ab13f170,
0x000002d1aafe6310, 0x000002d1ab08c9c0, 0x000002d1ab123040, 0x000002d1ab124a80,
0x000002d1ab1257a0, 0x000002d1ab635820, 0x000002d1ab636bd0, 0x000002d1ab635eb0,
0x000002d1ab636540, 0x000002d1ab638ca0, 0x000002d1ab6378f0, 0x000002d1ab63ad70,
0x000002d1aee168f0, 0x000002d1ab63a050, 0x000002d1ab63a6e0, 0x000002d1aca24f90,
0x000002d1aca23550, 0x000002d1aca24270, 0x000002d1aeceb7d0, 0x000002d1aecedf30,
0x000002d1aecee5c0, 0x000002d1aecf0690, 0x000002d1aecec4f0, 0x000002d1aecea420,
0x000002d1aece9700, 0x000002d1aeced8a0, 0x000002d1aeceaab0, 0x000002d1aecef2e0,
0x000002d1aececb80, 0x000002d1aeced210, 0x000002d1aca200d0, 0x000002d1aca221a0,
0x000002d1aca22ec0, 0x000002d1aca24900, 0x000002d1aca22830, 0x000002d1aca20760,
0x000002d1aca1fa40, 0x000002d1aca21480, 0x000002d1ad760980, 0x000002d1ae6aa700
}

Java Threads: ( => current thread )
  0x000002d1f298f3f0 JavaThread "main"                              [_thread_blocked, id=38600, stack(0x000000eb9f000000,0x000000eb9f100000) (1024K)]
  0x000002d18f606d60 JavaThread "Reference Handler"          daemon [_thread_blocked, id=37444, stack(0x000000eb9f800000,0x000000eb9f900000) (1024K)]
  0x000002d18f5fa260 JavaThread "Finalizer"                  daemon [_thread_blocked, id=38808, stack(0x000000eb9f900000,0x000000eb9fa00000) (1024K)]
  0x000002d18f5facc0 JavaThread "Signal Dispatcher"          daemon [_thread_blocked, id=38240, stack(0x000000eb9fa00000,0x000000eb9fb00000) (1024K)]
  0x000002d18f5fba80 JavaThread "Attach Listener"            daemon [_thread_blocked, id=10152, stack(0x000000eb9fb00000,0x000000eb9fc00000) (1024K)]
  0x000002d18f611bd0 JavaThread "Service Thread"             daemon [_thread_blocked, id=21568, stack(0x000000eb9fc00000,0x000000eb9fd00000) (1024K)]
  0x000002d18f638660 JavaThread "Monitor Deflation Thread"   daemon [_thread_blocked, id=39076, stack(0x000000eb9fd00000,0x000000eb9fe00000) (1024K)]
  0x000002d18f63e900 JavaThread "C2 CompilerThread0"         daemon [_thread_blocked, id=12612, stack(0x000000eb9fe00000,0x000000eb9ff00000) (1024K)]
  0x000002d18f6c33d0 JavaThread "C1 CompilerThread0"         daemon [_thread_blocked, id=28604, stack(0x000000eb9ff00000,0x000000eba0000000) (1024K)]
  0x000002d18f88baa0 JavaThread "Common-Cleaner"             daemon [_thread_blocked, id=38496, stack(0x000000eba0000000,0x000000eba0100000) (1024K)]
  0x000002d18fa1d540 JavaThread "Notification Thread"        daemon [_thread_blocked, id=13792, stack(0x000000eba0100000,0x000000eba0200000) (1024K)]
  0x000002d1ab13f170 JavaThread "Daemon health stats"               [_thread_blocked, id=38712, stack(0x000000eba0200000,0x000000eba0300000) (1024K)]
  0x000002d1aafe6310 JavaThread "Incoming local TCP Connector on port 54737"        [_thread_in_native, id=23156, stack(0x000000eba0600000,0x000000eba0700000) (1024K)]
  0x000002d1ab08c9c0 JavaThread "Daemon periodic checks"            [_thread_blocked, id=38332, stack(0x000000eba0700000,0x000000eba0800000) (1024K)]
  0x000002d1ab123040 JavaThread "Cache worker for journal cache (C:\Users\Administrator\.gradle\caches\journal-1)"        [_thread_blocked, id=24196, stack(0x000000eba0f00000,0x000000eba1000000) (1024K)]
  0x000002d1ab124a80 JavaThread "File lock request listener"        [_thread_in_native, id=31048, stack(0x000000eba1000000,0x000000eba1100000) (1024K)]
  0x000002d1ab1257a0 JavaThread "Cache worker for file hash cache (C:\Users\Administrator\.gradle\caches\9.7.1\fileHashes)"        [_thread_blocked, id=28332, stack(0x000000eba1200000,0x000000eba1300000) (1024K)]
  0x000002d1ab635820 JavaThread "File watcher server"        daemon [_thread_blocked, id=25068, stack(0x000000eba1500000,0x000000eba1600000) (1024K)]
  0x000002d1ab636bd0 JavaThread "File watcher consumer"      daemon [_thread_blocked, id=16380, stack(0x000000eba1600000,0x000000eba1700000) (1024K)]
  0x000002d1ab635eb0 JavaThread "Cache worker for file content cache (C:\Users\Administrator\.gradle\caches\9.7.1\fileContent)"        [_thread_blocked, id=37208, stack(0x000000eba1700000,0x000000eba1800000) (1024K)]
  0x000002d1ab636540 JavaThread "jar transforms"                    [_thread_blocked, id=31984, stack(0x000000eba1b00000,0x000000eba1c00000) (1024K)]
  0x000002d1ab638ca0 JavaThread "jar transforms Thread 2"           [_thread_blocked, id=30036, stack(0x000000eba1c00000,0x000000eba1d00000) (1024K)]
  0x000002d1ab6378f0 JavaThread "jar transforms Thread 3"           [_thread_blocked, id=4980, stack(0x000000eba1d00000,0x000000eba1e00000) (1024K)]
  0x000002d1ab63ad70 JavaThread "jar transforms Thread 4"           [_thread_blocked, id=39372, stack(0x000000eba2200000,0x000000eba2300000) (1024K)]
  0x000002d1aee168f0 JavaThread "Memory manager"                    [_thread_blocked, id=37408, stack(0x000000eba2300000,0x000000eba2400000) (1024K)]
  0x000002d1ab63a050 JavaThread "Daemon Thread 2"                   [_thread_blocked, id=19516, stack(0x000000eb9ed00000,0x000000eb9ee00000) (1024K)]
  0x000002d1ab63a6e0 JavaThread "Daemon worker Thread 2"            [_thread_blocked, id=21896, stack(0x000000eba0800000,0x000000eba0900000) (1024K)]
  0x000002d1aca24f90 JavaThread "ForkJoinPool.commonPool-worker-4" daemon [_thread_blocked, id=26864, stack(0x000000eba2700000,0x000000eba2800000) (1024K)]
  0x000002d1aca23550 JavaThread "ForkJoinPool.commonPool-worker-5" daemon [_thread_blocked, id=18800, stack(0x000000eba2800000,0x000000eba2900000) (1024K)]
  0x000002d1aca24270 JavaThread "ForkJoinPool.commonPool-worker-6" daemon [_thread_blocked, id=24900, stack(0x000000eba2900000,0x000000eba2a00000) (1024K)]
  0x000002d1aeceb7d0 JavaThread "VFS cleanup Thread 2"              [_thread_blocked, id=38732, stack(0x000000eba0900000,0x000000eba0a00000) (1024K)]
  0x000002d1aecedf30 JavaThread "Handler for socket connection from /127.0.0.1:54737 to /127.0.0.1:56230"        [_thread_in_native, id=38168, stack(0x000000eba0a00000,0x000000eba0b00000) (1024K)]
  0x000002d1aecee5c0 JavaThread "Cancel handler"                    [_thread_blocked, id=9176, stack(0x000000eba0b00000,0x000000eba0c00000) (1024K)]
  0x000002d1aecf0690 JavaThread "Asynchronous log dispatcher for DefaultDaemonConnection: socket connection from /127.0.0.1:54737 to /127.0.0.1:56230"        [_thread_blocked, id=6388, stack(0x000000eba0c00000,0x000000eba0d00000) (1024K)]
  0x000002d1aecec4f0 JavaThread "Stdin handler"                     [_thread_blocked, id=31944, stack(0x000000eba0d00000,0x000000eba0e00000) (1024K)]
  0x000002d1aecea420 JavaThread "Daemon client event forwarder"        [_thread_blocked, id=39852, stack(0x000000eba1100000,0x000000eba1200000) (1024K)]
  0x000002d1aece9700 JavaThread "Cache worker for file hash cache (D:\ComicWorm\comicworm\.gradle\9.7.1\fileHashes)"        [_thread_blocked, id=36280, stack(0x000000eba1300000,0x000000eba1400000) (1024K)]
  0x000002d1aeced8a0 JavaThread "Cache worker for Build Output Cleanup Cache (D:\ComicWorm\comicworm\.gradle\buildOutputCleanup)"        [_thread_blocked, id=27812, stack(0x000000eba1400000,0x000000eba1500000) (1024K)]
  0x000002d1aeceaab0 JavaThread "Cache worker for checksums cache (D:\ComicWorm\comicworm\.gradle\9.7.1\checksums)"        [_thread_blocked, id=24500, stack(0x000000eba0e00000,0x000000eba0f00000) (1024K)]
  0x000002d1aecef2e0 JavaThread "Cache worker for cache directory md-supplier (C:\Users\Administrator\.gradle\caches\9.7.1\md-supplier)"        [_thread_blocked, id=3600, stack(0x000000eba1800000,0x000000eba1900000) (1024K)]
  0x000002d1aececb80 JavaThread "Cache worker for cache directory md-rule (C:\Users\Administrator\.gradle\caches\9.7.1\md-rule)"        [_thread_blocked, id=24088, stack(0x000000eba1900000,0x000000eba1a00000) (1024K)]
  0x000002d1aeced210 JavaThread "Build operations"                  [_thread_blocked, id=36624, stack(0x000000eba1a00000,0x000000eba1b00000) (1024K)]
  0x000002d1aca200d0 JavaThread "Build operations Thread 2"         [_thread_blocked, id=1900, stack(0x000000eba1e00000,0x000000eba1f00000) (1024K)]
  0x000002d1aca221a0 JavaThread "Build operations Thread 3"         [_thread_blocked, id=2664, stack(0x000000eba1f00000,0x000000eba2000000) (1024K)]
  0x000002d1aca22ec0 JavaThread "Build operations Thread 4"         [_thread_blocked, id=39808, stack(0x000000eba2000000,0x000000eba2100000) (1024K)]
  0x000002d1aca24900 JavaThread "included builds"                   [_thread_blocked, id=36368, stack(0x000000eba2100000,0x000000eba2200000) (1024K)]
  0x000002d1aca22830 JavaThread "Execution worker"                  [_thread_blocked, id=18848, stack(0x000000eba2400000,0x000000eba2500000) (1024K)]
  0x000002d1aca20760 JavaThread "Execution worker Thread 2"         [_thread_blocked, id=5924, stack(0x000000eba2500000,0x000000eba2600000) (1024K)]
  0x000002d1aca1fa40 JavaThread "Execution worker Thread 3"         [_thread_blocked, id=25200, stack(0x000000eba2600000,0x000000eba2700000) (1024K)]
  0x000002d1aca21480 JavaThread "Cache worker for execution history cache (D:\ComicWorm\comicworm\.gradle\9.7.1\executionHistory)"        [_thread_blocked, id=39360, stack(0x000000eba2c00000,0x000000eba2d00000) (1024K)]
  0x000002d1ad760980 JavaThread "Cache worker for Java compile cache (C:\Users\Administrator\.gradle\caches\9.7.1\javaCompile)"        [_thread_blocked, id=30612, stack(0x000000eba2e00000,0x000000eba2f00000) (1024K)]
  0x000002d1ae6aa700 JavaThread "C2 CompilerThread1"         daemon [_thread_blocked, id=36560, stack(0x000000eba2d00000,0x000000eba2e00000) (1024K)]
Total: 52

Other Threads:
=>0x000002d18f5f3a50 VMThread "VM Thread"                           [id=37780, stack(0x000000eb9f700000,0x000000eb9f800000) (1024K)]
  0x000002d18f5e1c10 WatcherThread "VM Periodic Task Thread"        [id=24832, stack(0x000000eb9f600000,0x000000eb9f700000) (1024K)]
  0x000002d1f458b1b0 WorkerThread "GC Thread#0"                     [id=37916, stack(0x000000eb9f100000,0x000000eb9f200000) (1024K)]
  0x000002d18f5f36a0 WorkerThread "GC Thread#1"                     [id=31144, stack(0x000000eba0300000,0x000000eba0400000) (1024K)]
  0x000002d18f5f2430 WorkerThread "GC Thread#2"                     [id=38180, stack(0x000000eba0400000,0x000000eba0500000) (1024K)]
  0x000002d18f5f2f40 WorkerThread "GC Thread#3"                     [id=16500, stack(0x000000eba0500000,0x000000eba0600000) (1024K)]
  0x000002d1f4590260 ConcurrentGCThread "G1 Main Marker"            [id=38472, stack(0x000000eb9f200000,0x000000eb9f300000) (1024K)]
  0x000002d1f45910a0 WorkerThread "G1 Conc#0"                       [id=16120, stack(0x000000eb9f300000,0x000000eb9f400000) (1024K)]
  0x000002d18f532c00 ConcurrentGCThread "G1 Refine#0"               [id=17660, stack(0x000000eb9f400000,0x000000eb9f500000) (1024K)]
  0x000002d18f536450 ConcurrentGCThread "G1 Service"                [id=39100, stack(0x000000eb9f500000,0x000000eb9f600000) (1024K)]
Total: 10

Threads with active compile tasks:
C2 CompilerThread0  7100407 22315       4       com.sun.tools.javac.comp.Resolve::findInheritedMemberType (186 bytes)
C2 CompilerThread1  7100407 22379       4       com.sun.tools.javac.comp.Check::validateAnnotation (310 bytes)
Total: 2

VM state: at safepoint (normal execution)

VM Mutex/Monitor currently owned by a thread:  ([mutex/lock_event])
[0x00007ffbd987b8a0] Threads_lock - owner thread: 0x000002d18f5f3a50
[0x00007ffbd987b9a0] Heap_lock - owner thread: 0x000002d1f4590260

Heap address: 0x00000000e0000000, size: 512 MB, Compressed Oops mode: 32-bit

CDS archive(s) mapped at: [0x000002d190000000-0x000002d190c80000-0x000002d190c80000), size 13107200, SharedBaseAddress: 0x000002d190000000, ArchiveRelocationMode: 1.
Compressed class space mapped at: 0x000002d191000000-0x000002d1a5000000, reserved size: 335544320
Narrow klass base: 0x000002d190000000, Narrow klass shift: 0, Narrow klass range: 0x100000000

GC Precious Log:
 CardTable entry size: 512
 Card Set container configuration: InlinePtr #cards 5 size 8 Array Of Cards #cards 12 size 40 Howl #buckets 4 coarsen threshold 1843 Howl Bitmap #cards 512 size 80 coarsen threshold 460 Card regions per heap region 1 cards per card region 2048
 CPUs: 4 total, 4 available
 Memory: 8064M
 Large Page Support: Disabled
 NUMA Support: Disabled
 Compressed Oops: Enabled (32-bit)
 Heap Region Size: 1M
 Heap Min Capacity: 256M
 Heap Initial Capacity: 256M
 Heap Max Capacity: 512M
 Pre-touch: Disabled
 Parallel Workers: 4
 Concurrent Workers: 1
 Concurrent Refinement Workers: 4
 Periodic GC: Disabled

Heap:
 garbage-first heap   total 287744K, used 197302K [0x00000000e0000000, 0x0000000100000000)
  region size 1024K, 23 young (23552K), 5 survivors (5120K)
 Metaspace       used 108723K, committed 110848K, reserved 458752K
  class space    used 14569K, committed 15616K, reserved 327680K

Heap Regions: E=young(eden), S=young(survivor), O=old, HS=humongous(starts), HC=humongous(continues), CS=collection set, F=free, TAMS=top-at-mark-start, PB=parsable bottom
|   0|0x00000000e0000000, 0x00000000e0100000, 0x00000000e0100000|100%| O|  |TAMS 0x00000000e0100000| PB 0x00000000e0100000| Untracked 
|   1|0x00000000e0100000, 0x00000000e0200000, 0x00000000e0200000|100%|HS|  |TAMS 0x00000000e0200000| PB 0x00000000e0100000| Complete 
|   2|0x00000000e0200000, 0x00000000e0300000, 0x00000000e0300000|100%|HC|  |TAMS 0x00000000e0300000| PB 0x00000000e0200000| Complete 
|   3|0x00000000e0300000, 0x00000000e0400000, 0x00000000e0400000|100%|HC|  |TAMS 0x00000000e0400000| PB 0x00000000e0300000| Complete 
|   4|0x00000000e0400000, 0x00000000e0500000, 0x00000000e0500000|100%|HC|  |TAMS 0x00000000e0500000| PB 0x00000000e0400000| Complete 
|   5|0x00000000e0500000, 0x00000000e0600000, 0x00000000e0600000|100%| O|  |TAMS 0x00000000e0600000| PB 0x00000000e0600000| Untracked 
|   6|0x00000000e0600000, 0x00000000e0700000, 0x00000000e0700000|100%| O|  |TAMS 0x00000000e0700000| PB 0x00000000e0700000| Updating 
|   7|0x00000000e0700000, 0x00000000e0800000, 0x00000000e0800000|100%| O|  |TAMS 0x00000000e0800000| PB 0x00000000e0800000| Untracked 
|   8|0x00000000e0800000, 0x00000000e0900000, 0x00000000e0900000|100%| O|  |TAMS 0x00000000e0900000| PB 0x00000000e0900000| Untracked 
|   9|0x00000000e0900000, 0x00000000e0a00000, 0x00000000e0a00000|100%| O|  |TAMS 0x00000000e0a00000| PB 0x00000000e0a00000| Untracked 
|  10|0x00000000e0a00000, 0x00000000e0b00000, 0x00000000e0b00000|100%|HS|  |TAMS 0x00000000e0b00000| PB 0x00000000e0a00000| Complete 
|  11|0x00000000e0b00000, 0x00000000e0c00000, 0x00000000e0c00000|100%| O|  |TAMS 0x00000000e0c00000| PB 0x00000000e0c00000| Untracked 
|  12|0x00000000e0c00000, 0x00000000e0d00000, 0x00000000e0d00000|100%| O|  |TAMS 0x00000000e0d00000| PB 0x00000000e0d00000| Untracked 
|  13|0x00000000e0d00000, 0x00000000e0e00000, 0x00000000e0e00000|100%| O|  |TAMS 0x00000000e0e00000| PB 0x00000000e0e00000| Updating 
|  14|0x00000000e0e00000, 0x00000000e0f00000, 0x00000000e0f00000|100%| O|  |TAMS 0x00000000e0f00000| PB 0x00000000e0f00000| Untracked 
|  15|0x00000000e0f00000, 0x00000000e1000000, 0x00000000e1000000|100%| O|  |TAMS 0x00000000e1000000| PB 0x00000000e1000000| Untracked 
|  16|0x00000000e1000000, 0x00000000e1100000, 0x00000000e1100000|100%| O|  |TAMS 0x00000000e1100000| PB 0x00000000e1100000| Updating 
|  17|0x00000000e1100000, 0x00000000e1200000, 0x00000000e1200000|100%| O|  |TAMS 0x00000000e1200000| PB 0x00000000e1200000| Updating 
|  18|0x00000000e1200000, 0x00000000e1300000, 0x00000000e1300000|100%| O|  |TAMS 0x00000000e1300000| PB 0x00000000e1300000| Updating 
|  19|0x00000000e1300000, 0x00000000e1400000, 0x00000000e1400000|100%| O|  |TAMS 0x00000000e1400000| PB 0x00000000e1400000| Untracked 
|  20|0x00000000e1400000, 0x00000000e1500000, 0x00000000e1500000|100%| O|  |TAMS 0x00000000e1500000| PB 0x00000000e1500000| Updating 
|  21|0x00000000e1500000, 0x00000000e1600000, 0x00000000e1600000|100%| O|  |TAMS 0x00000000e1600000| PB 0x00000000e1600000| Untracked 
|  22|0x00000000e1600000, 0x00000000e1700000, 0x00000000e1700000|100%| O|  |TAMS 0x00000000e1700000| PB 0x00000000e1700000| Untracked 
|  23|0x00000000e1700000, 0x00000000e1800000, 0x00000000e1800000|100%| O|  |TAMS 0x00000000e1800000| PB 0x00000000e1800000| Untracked 
|  24|0x00000000e1800000, 0x00000000e1900000, 0x00000000e1900000|100%| O|  |TAMS 0x00000000e1900000| PB 0x00000000e1900000| Updating 
|  25|0x00000000e1900000, 0x00000000e1a00000, 0x00000000e1a00000|100%|HS|  |TAMS 0x00000000e1a00000| PB 0x00000000e1900000| Complete 
|  26|0x00000000e1a00000, 0x00000000e1b00000, 0x00000000e1b00000|100%|HC|  |TAMS 0x00000000e1b00000| PB 0x00000000e1a00000| Complete 
|  27|0x00000000e1b00000, 0x00000000e1c00000, 0x00000000e1c00000|100%| O|  |TAMS 0x00000000e1c00000| PB 0x00000000e1c00000| Updating 
|  28|0x00000000e1c00000, 0x00000000e1d00000, 0x00000000e1d00000|100%| O|  |TAMS 0x00000000e1d00000| PB 0x00000000e1d00000| Updating 
|  29|0x00000000e1d00000, 0x00000000e1e00000, 0x00000000e1e00000|100%| O|  |TAMS 0x00000000e1e00000| PB 0x00000000e1e00000| Updating 
|  30|0x00000000e1e00000, 0x00000000e1f00000, 0x00000000e1f00000|100%| O|  |TAMS 0x00000000e1f00000| PB 0x00000000e1f00000| Updating 
|  31|0x00000000e1f00000, 0x00000000e2000000, 0x00000000e2000000|100%| O|  |TAMS 0x00000000e2000000| PB 0x00000000e2000000| Untracked 
|  32|0x00000000e2000000, 0x00000000e2100000, 0x00000000e2100000|100%| O|  |TAMS 0x00000000e2100000| PB 0x00000000e2100000| Untracked 
|  33|0x00000000e2100000, 0x00000000e2200000, 0x00000000e2200000|100%| O|  |TAMS 0x00000000e2200000| PB 0x00000000e2200000| Updating 
|  34|0x00000000e2200000, 0x00000000e2300000, 0x00000000e2300000|100%| O|  |TAMS 0x00000000e2300000| PB 0x00000000e2300000| Updating 
|  35|0x00000000e2300000, 0x00000000e2400000, 0x00000000e2400000|100%| O|  |TAMS 0x00000000e2400000| PB 0x00000000e2400000| Updating 
|  36|0x00000000e2400000, 0x00000000e2500000, 0x00000000e2500000|100%| O|  |TAMS 0x00000000e2500000| PB 0x00000000e2500000| Updating 
|  37|0x00000000e2500000, 0x00000000e2600000, 0x00000000e2600000|100%| O|  |TAMS 0x00000000e2600000| PB 0x00000000e2600000| Updating 
|  38|0x00000000e2600000, 0x00000000e2600000, 0x00000000e2700000|  0%| F|  |TAMS 0x00000000e2600000| PB 0x00000000e2600000| Untracked 
|  39|0x00000000e2700000, 0x00000000e2700000, 0x00000000e2800000|  0%| F|  |TAMS 0x00000000e2700000| PB 0x00000000e2700000| Untracked 
|  40|0x00000000e2800000, 0x00000000e2900000, 0x00000000e2900000|100%| O|  |TAMS 0x00000000e2900000| PB 0x00000000e2900000| Updating 
|  41|0x00000000e2900000, 0x00000000e2a00000, 0x00000000e2a00000|100%| O|  |TAMS 0x00000000e2a00000| PB 0x00000000e2a00000| Updating 
|  42|0x00000000e2a00000, 0x00000000e2b00000, 0x00000000e2b00000|100%| O|  |TAMS 0x00000000e2b00000| PB 0x00000000e2b00000| Updating 
|  43|0x00000000e2b00000, 0x00000000e2c00000, 0x00000000e2c00000|100%| O|  |TAMS 0x00000000e2c00000| PB 0x00000000e2c00000| Updating 
|  44|0x00000000e2c00000, 0x00000000e2d00000, 0x00000000e2d00000|100%| O|  |TAMS 0x00000000e2d00000| PB 0x00000000e2d00000| Updating 
|  45|0x00000000e2d00000, 0x00000000e2e00000, 0x00000000e2e00000|100%| O|  |TAMS 0x00000000e2e00000| PB 0x00000000e2e00000| Updating 
|  46|0x00000000e2e00000, 0x00000000e2f00000, 0x00000000e2f00000|100%| O|  |TAMS 0x00000000e2f00000| PB 0x00000000e2f00000| Updating 
|  47|0x00000000e2f00000, 0x00000000e3000000, 0x00000000e3000000|100%| O|  |TAMS 0x00000000e3000000| PB 0x00000000e3000000| Updating 
|  48|0x00000000e3000000, 0x00000000e3100000, 0x00000000e3100000|100%| O|  |TAMS 0x00000000e3100000| PB 0x00000000e3100000| Untracked 
|  49|0x00000000e3100000, 0x00000000e3200000, 0x00000000e3200000|100%| O|  |TAMS 0x00000000e3200000| PB 0x00000000e3200000| Updating 
|  50|0x00000000e3200000, 0x00000000e3300000, 0x00000000e3300000|100%| O|  |TAMS 0x00000000e3300000| PB 0x00000000e3300000| Updating 
|  51|0x00000000e3300000, 0x00000000e3400000, 0x00000000e3400000|100%| O|  |TAMS 0x00000000e3400000| PB 0x00000000e3400000| Updating 
|  52|0x00000000e3400000, 0x00000000e3500000, 0x00000000e3500000|100%| O|  |TAMS 0x00000000e3500000| PB 0x00000000e3500000| Untracked 
|  53|0x00000000e3500000, 0x00000000e3600000, 0x00000000e3600000|100%| O|  |TAMS 0x00000000e3600000| PB 0x00000000e3600000| Updating 
|  54|0x00000000e3600000, 0x00000000e3700000, 0x00000000e3700000|100%| O|  |TAMS 0x00000000e3700000| PB 0x00000000e3700000| Updating 
|  55|0x00000000e3700000, 0x00000000e3800000, 0x00000000e3800000|100%| O|  |TAMS 0x00000000e3800000| PB 0x00000000e3800000| Untracked 
|  56|0x00000000e3800000, 0x00000000e3900000, 0x00000000e3900000|100%| O|  |TAMS 0x00000000e3900000| PB 0x00000000e3900000| Untracked 
|  57|0x00000000e3900000, 0x00000000e3a00000, 0x00000000e3a00000|100%| O|  |TAMS 0x00000000e3a00000| PB 0x00000000e3a00000| Untracked 
|  58|0x00000000e3a00000, 0x00000000e3b00000, 0x00000000e3b00000|100%| O|  |TAMS 0x00000000e3b00000| PB 0x00000000e3b00000| Untracked 
|  59|0x00000000e3b00000, 0x00000000e3c00000, 0x00000000e3c00000|100%| O|  |TAMS 0x00000000e3c00000| PB 0x00000000e3c00000| Untracked 
|  60|0x00000000e3c00000, 0x00000000e3d00000, 0x00000000e3d00000|100%| O|  |TAMS 0x00000000e3d00000| PB 0x00000000e3d00000| Updating 
|  61|0x00000000e3d00000, 0x00000000e3e00000, 0x00000000e3e00000|100%|HS|  |TAMS 0x00000000e3e00000| PB 0x00000000e3d00000| Complete 
|  62|0x00000000e3e00000, 0x00000000e3f00000, 0x00000000e3f00000|100%|HC|  |TAMS 0x00000000e3f00000| PB 0x00000000e3e00000| Complete 
|  63|0x00000000e3f00000, 0x00000000e4000000, 0x00000000e4000000|100%|HC|  |TAMS 0x00000000e4000000| PB 0x00000000e3f00000| Complete 
|  64|0x00000000e4000000, 0x00000000e4100000, 0x00000000e4100000|100%|HC|  |TAMS 0x00000000e4100000| PB 0x00000000e4000000| Complete 
|  65|0x00000000e4100000, 0x00000000e4200000, 0x00000000e4200000|100%|HC|  |TAMS 0x00000000e4200000| PB 0x00000000e4100000| Complete 
|  66|0x00000000e4200000, 0x00000000e4300000, 0x00000000e4300000|100%|HC|  |TAMS 0x00000000e4300000| PB 0x00000000e4200000| Complete 
|  67|0x00000000e4300000, 0x00000000e4400000, 0x00000000e4400000|100%|HS|  |TAMS 0x00000000e4400000| PB 0x00000000e4300000| Complete 
|  68|0x00000000e4400000, 0x00000000e4500000, 0x00000000e4500000|100%|HS|  |TAMS 0x00000000e4500000| PB 0x00000000e4400000| Complete 
|  69|0x00000000e4500000, 0x00000000e4600000, 0x00000000e4600000|100%|HC|  |TAMS 0x00000000e4600000| PB 0x00000000e4500000| Complete 
|  70|0x00000000e4600000, 0x00000000e4700000, 0x00000000e4700000|100%|HS|  |TAMS 0x00000000e4700000| PB 0x00000000e4600000| Complete 
|  71|0x00000000e4700000, 0x00000000e4800000, 0x00000000e4800000|100%|HS|  |TAMS 0x00000000e4800000| PB 0x00000000e4700000| Complete 
|  72|0x00000000e4800000, 0x00000000e4900000, 0x00000000e4900000|100%|HC|  |TAMS 0x00000000e4900000| PB 0x00000000e4800000| Complete 
|  73|0x00000000e4900000, 0x00000000e4a00000, 0x00000000e4a00000|100%|HC|  |TAMS 0x00000000e4a00000| PB 0x00000000e4900000| Complete 
|  74|0x00000000e4a00000, 0x00000000e4b00000, 0x00000000e4b00000|100%|HS|  |TAMS 0x00000000e4b00000| PB 0x00000000e4a00000| Complete 
|  75|0x00000000e4b00000, 0x00000000e4c00000, 0x00000000e4c00000|100%|HC|  |TAMS 0x00000000e4c00000| PB 0x00000000e4b00000| Complete 
|  76|0x00000000e4c00000, 0x00000000e4d00000, 0x00000000e4d00000|100%|HC|  |TAMS 0x00000000e4d00000| PB 0x00000000e4c00000| Complete 
|  77|0x00000000e4d00000, 0x00000000e4e00000, 0x00000000e4e00000|100%|HC|  |TAMS 0x00000000e4e00000| PB 0x00000000e4d00000| Complete 
|  78|0x00000000e4e00000, 0x00000000e4f00000, 0x00000000e4f00000|100%|HC|  |TAMS 0x00000000e4f00000| PB 0x00000000e4e00000| Complete 
|  79|0x00000000e4f00000, 0x00000000e5000000, 0x00000000e5000000|100%|HC|  |TAMS 0x00000000e5000000| PB 0x00000000e4f00000| Complete 
|  80|0x00000000e5000000, 0x00000000e5100000, 0x00000000e5100000|100%|HS|  |TAMS 0x00000000e5100000| PB 0x00000000e5000000| Complete 
|  81|0x00000000e5100000, 0x00000000e5200000, 0x00000000e5200000|100%|HS|  |TAMS 0x00000000e5200000| PB 0x00000000e5100000| Complete 
|  82|0x00000000e5200000, 0x00000000e5300000, 0x00000000e5300000|100%|HC|  |TAMS 0x00000000e5300000| PB 0x00000000e5200000| Complete 
|  83|0x00000000e5300000, 0x00000000e5400000, 0x00000000e5400000|100%|HS|  |TAMS 0x00000000e5400000| PB 0x00000000e5300000| Complete 
|  84|0x00000000e5400000, 0x00000000e5500000, 0x00000000e5500000|100%|HS|  |TAMS 0x00000000e5500000| PB 0x00000000e5400000| Complete 
|  85|0x00000000e5500000, 0x00000000e5600000, 0x00000000e5600000|100%|HC|  |TAMS 0x00000000e5600000| PB 0x00000000e5500000| Complete 
|  86|0x00000000e5600000, 0x00000000e5700000, 0x00000000e5700000|100%|HC|  |TAMS 0x00000000e5700000| PB 0x00000000e5600000| Complete 
|  87|0x00000000e5700000, 0x00000000e5800000, 0x00000000e5800000|100%| O|  |TAMS 0x00000000e5800000| PB 0x00000000e5800000| Updating 
|  88|0x00000000e5800000, 0x00000000e5900000, 0x00000000e5900000|100%| O|  |TAMS 0x00000000e5900000| PB 0x00000000e5900000| Untracked 
|  89|0x00000000e5900000, 0x00000000e5a00000, 0x00000000e5a00000|100%| O|  |TAMS 0x00000000e5a00000| PB 0x00000000e5a00000| Untracked 
|  90|0x00000000e5a00000, 0x00000000e5b00000, 0x00000000e5b00000|100%| O|  |TAMS 0x00000000e5b00000| PB 0x00000000e5b00000| Untracked 
|  91|0x00000000e5b00000, 0x00000000e5b00000, 0x00000000e5c00000|  0%| F|  |TAMS 0x00000000e5b00000| PB 0x00000000e5b00000| Untracked 
|  92|0x00000000e5c00000, 0x00000000e5c00000, 0x00000000e5d00000|  0%| F|  |TAMS 0x00000000e5c00000| PB 0x00000000e5c00000| Untracked 
|  93|0x00000000e5d00000, 0x00000000e5e00000, 0x00000000e5e00000|100%|HS|  |TAMS 0x00000000e5e00000| PB 0x00000000e5d00000| Complete 
|  94|0x00000000e5e00000, 0x00000000e5f00000, 0x00000000e5f00000|100%|HC|  |TAMS 0x00000000e5f00000| PB 0x00000000e5e00000| Complete 
|  95|0x00000000e5f00000, 0x00000000e6000000, 0x00000000e6000000|100%|HC|  |TAMS 0x00000000e6000000| PB 0x00000000e5f00000| Complete 
|  96|0x00000000e6000000, 0x00000000e6100000, 0x00000000e6100000|100%|HC|  |TAMS 0x00000000e6100000| PB 0x00000000e6000000| Complete 
|  97|0x00000000e6100000, 0x00000000e6200000, 0x00000000e6200000|100%|HC|  |TAMS 0x00000000e6200000| PB 0x00000000e6100000| Complete 
|  98|0x00000000e6200000, 0x00000000e6300000, 0x00000000e6300000|100%|HC|  |TAMS 0x00000000e6300000| PB 0x00000000e6200000| Complete 
|  99|0x00000000e6300000, 0x00000000e6400000, 0x00000000e6400000|100%|HS|  |TAMS 0x00000000e6400000| PB 0x00000000e6300000| Complete 
| 100|0x00000000e6400000, 0x00000000e6500000, 0x00000000e6500000|100%|HS|  |TAMS 0x00000000e6500000| PB 0x00000000e6400000| Complete 
| 101|0x00000000e6500000, 0x00000000e6600000, 0x00000000e6600000|100%|HC|  |TAMS 0x00000000e6600000| PB 0x00000000e6500000| Complete 
| 102|0x00000000e6600000, 0x00000000e6700000, 0x00000000e6700000|100%| O|  |TAMS 0x00000000e6700000| PB 0x00000000e6700000| Untracked 
| 103|0x00000000e6700000, 0x00000000e6800000, 0x00000000e6800000|100%|HS|  |TAMS 0x00000000e6800000| PB 0x00000000e6700000| Complete 
| 104|0x00000000e6800000, 0x00000000e6900000, 0x00000000e6900000|100%|HC|  |TAMS 0x00000000e6900000| PB 0x00000000e6800000| Complete 
| 105|0x00000000e6900000, 0x00000000e6a00000, 0x00000000e6a00000|100%|HC|  |TAMS 0x00000000e6a00000| PB 0x00000000e6900000| Complete 
| 106|0x00000000e6a00000, 0x00000000e6b00000, 0x00000000e6b00000|100%|HC|  |TAMS 0x00000000e6b00000| PB 0x00000000e6a00000| Complete 
| 107|0x00000000e6b00000, 0x00000000e6c00000, 0x00000000e6c00000|100%|HC|  |TAMS 0x00000000e6c00000| PB 0x00000000e6b00000| Complete 
| 108|0x00000000e6c00000, 0x00000000e6d00000, 0x00000000e6d00000|100%|HC|  |TAMS 0x00000000e6d00000| PB 0x00000000e6c00000| Complete 
| 109|0x00000000e6d00000, 0x00000000e6e00000, 0x00000000e6e00000|100%|HS|  |TAMS 0x00000000e6e00000| PB 0x00000000e6d00000| Complete 
| 110|0x00000000e6e00000, 0x00000000e6f00000, 0x00000000e6f00000|100%| O|  |TAMS 0x00000000e6f00000| PB 0x00000000e6f00000| Updating 
| 111|0x00000000e6f00000, 0x00000000e7000000, 0x00000000e7000000|100%| O|  |TAMS 0x00000000e7000000| PB 0x00000000e7000000| Updating 
| 112|0x00000000e7000000, 0x00000000e7100000, 0x00000000e7100000|100%| O|  |TAMS 0x00000000e7100000| PB 0x00000000e7100000| Updating 
| 113|0x00000000e7100000, 0x00000000e7200000, 0x00000000e7200000|100%| O|  |TAMS 0x00000000e7200000| PB 0x00000000e7200000| Untracked 
| 114|0x00000000e7200000, 0x00000000e7300000, 0x00000000e7300000|100%| O|  |TAMS 0x00000000e7300000| PB 0x00000000e7300000| Untracked 
| 115|0x00000000e7300000, 0x00000000e7300000, 0x00000000e7400000|  0%| F|  |TAMS 0x00000000e7300000| PB 0x00000000e7300000| Untracked 
| 116|0x00000000e7400000, 0x00000000e7400000, 0x00000000e7500000|  0%| F|  |TAMS 0x00000000e7400000| PB 0x00000000e7400000| Untracked 
| 117|0x00000000e7500000, 0x00000000e7500000, 0x00000000e7600000|  0%| F|  |TAMS 0x00000000e7500000| PB 0x00000000e7500000| Untracked 
| 118|0x00000000e7600000, 0x00000000e7700000, 0x00000000e7700000|100%| O|  |TAMS 0x00000000e7700000| PB 0x00000000e7700000| Updating 
| 119|0x00000000e7700000, 0x00000000e7800000, 0x00000000e7800000|100%| O|  |TAMS 0x00000000e7800000| PB 0x00000000e7800000| Untracked 
| 120|0x00000000e7800000, 0x00000000e7900000, 0x00000000e7900000|100%| O|  |TAMS 0x00000000e7900000| PB 0x00000000e7900000| Untracked 
| 121|0x00000000e7900000, 0x00000000e7a00000, 0x00000000e7a00000|100%| O|  |TAMS 0x00000000e7a00000| PB 0x00000000e7a00000| Untracked 
| 122|0x00000000e7a00000, 0x00000000e7b00000, 0x00000000e7b00000|100%| O|  |TAMS 0x00000000e7b00000| PB 0x00000000e7b00000| Updating 
| 123|0x00000000e7b00000, 0x00000000e7c00000, 0x00000000e7c00000|100%| O|  |TAMS 0x00000000e7c00000| PB 0x00000000e7c00000| Untracked 
| 124|0x00000000e7c00000, 0x00000000e7d00000, 0x00000000e7d00000|100%| O|  |TAMS 0x00000000e7d00000| PB 0x00000000e7d00000| Untracked 
| 125|0x00000000e7d00000, 0x00000000e7e00000, 0x00000000e7e00000|100%| O|  |TAMS 0x00000000e7e00000| PB 0x00000000e7e00000| Untracked 
| 126|0x00000000e7e00000, 0x00000000e7f00000, 0x00000000e7f00000|100%| O|  |TAMS 0x00000000e7f00000| PB 0x00000000e7f00000| Updating 
| 127|0x00000000e7f00000, 0x00000000e8000000, 0x00000000e8000000|100%| O|  |TAMS 0x00000000e8000000| PB 0x00000000e8000000| Updating 
| 128|0x00000000e8000000, 0x00000000e8100000, 0x00000000e8100000|100%| O|  |TAMS 0x00000000e8100000| PB 0x00000000e8100000| Untracked 
| 129|0x00000000e8100000, 0x00000000e8200000, 0x00000000e8200000|100%| O|  |TAMS 0x00000000e8200000| PB 0x00000000e8200000| Updating 
| 130|0x00000000e8200000, 0x00000000e8300000, 0x00000000e8300000|100%| O|  |TAMS 0x00000000e8300000| PB 0x00000000e8300000| Untracked 
| 131|0x00000000e8300000, 0x00000000e8400000, 0x00000000e8400000|100%| O|  |TAMS 0x00000000e8400000| PB 0x00000000e8400000| Untracked 
| 132|0x00000000e8400000, 0x00000000e8500000, 0x00000000e8500000|100%| O|  |TAMS 0x00000000e8500000| PB 0x00000000e8500000| Untracked 
| 133|0x00000000e8500000, 0x00000000e8600000, 0x00000000e8600000|100%| O|  |TAMS 0x00000000e8600000| PB 0x00000000e8600000| Updating 
| 134|0x00000000e8600000, 0x00000000e8700000, 0x00000000e8700000|100%| O|  |TAMS 0x00000000e8700000| PB 0x00000000e8700000| Updating 
| 135|0x00000000e8700000, 0x00000000e8700000, 0x00000000e8800000|  0%| F|  |TAMS 0x00000000e8700000| PB 0x00000000e8700000| Untracked 
| 136|0x00000000e8800000, 0x00000000e8900000, 0x00000000e8900000|100%|HS|  |TAMS 0x00000000e8900000| PB 0x00000000e8800000| Complete 
| 137|0x00000000e8900000, 0x00000000e8a00000, 0x00000000e8a00000|100%| O|  |TAMS 0x00000000e8a00000| PB 0x00000000e8a00000| Untracked 
| 138|0x00000000e8a00000, 0x00000000e8b00000, 0x00000000e8b00000|100%| O|  |TAMS 0x00000000e8b00000| PB 0x00000000e8b00000| Untracked 
| 139|0x00000000e8b00000, 0x00000000e8c00000, 0x00000000e8c00000|100%| O|  |TAMS 0x00000000e8c00000| PB 0x00000000e8c00000| Untracked 
| 140|0x00000000e8c00000, 0x00000000e8d00000, 0x00000000e8d00000|100%| O|  |TAMS 0x00000000e8d00000| PB 0x00000000e8d00000| Untracked 
| 141|0x00000000e8d00000, 0x00000000e8e00000, 0x00000000e8e00000|100%| O|  |TAMS 0x00000000e8e00000| PB 0x00000000e8e00000| Untracked 
| 142|0x00000000e8e00000, 0x00000000e8f00000, 0x00000000e8f00000|100%| O|  |TAMS 0x00000000e8f00000| PB 0x00000000e8f00000| Untracked 
| 143|0x00000000e8f00000, 0x00000000e9000000, 0x00000000e9000000|100%| O|  |TAMS 0x00000000e9000000| PB 0x00000000e9000000| Untracked 
| 144|0x00000000e9000000, 0x00000000e9100000, 0x00000000e9100000|100%| O|  |TAMS 0x00000000e9100000| PB 0x00000000e9100000| Untracked 
| 145|0x00000000e9100000, 0x00000000e9200000, 0x00000000e9200000|100%| O|  |TAMS 0x00000000e9200000| PB 0x00000000e9200000| Untracked 
| 146|0x00000000e9200000, 0x00000000e9300000, 0x00000000e9300000|100%| O|  |TAMS 0x00000000e9300000| PB 0x00000000e9300000| Untracked 
| 147|0x00000000e9300000, 0x00000000e9400000, 0x00000000e9400000|100%| O|  |TAMS 0x00000000e9400000| PB 0x00000000e9400000| Untracked 
| 148|0x00000000e9400000, 0x00000000e9500000, 0x00000000e9500000|100%| O|  |TAMS 0x00000000e9500000| PB 0x00000000e9500000| Updating 
| 149|0x00000000e9500000, 0x00000000e9600000, 0x00000000e9600000|100%| O|  |TAMS 0x00000000e9600000| PB 0x00000000e9600000| Updating 
| 150|0x00000000e9600000, 0x00000000e9700000, 0x00000000e9700000|100%| O|  |TAMS 0x00000000e9700000| PB 0x00000000e9700000| Updating 
| 151|0x00000000e9700000, 0x00000000e9800000, 0x00000000e9800000|100%| O|  |TAMS 0x00000000e9800000| PB 0x00000000e9800000| Untracked 
| 152|0x00000000e9800000, 0x00000000e9800000, 0x00000000e9900000|  0%| F|  |TAMS 0x00000000e9800000| PB 0x00000000e9800000| Untracked 
| 153|0x00000000e9900000, 0x00000000e9900000, 0x00000000e9a00000|  0%| F|  |TAMS 0x00000000e9900000| PB 0x00000000e9900000| Untracked 
| 154|0x00000000e9a00000, 0x00000000e9a00000, 0x00000000e9b00000|  0%| F|  |TAMS 0x00000000e9a00000| PB 0x00000000e9a00000| Untracked 
| 155|0x00000000e9b00000, 0x00000000e9b00000, 0x00000000e9c00000|  0%| F|  |TAMS 0x00000000e9b00000| PB 0x00000000e9b00000| Untracked 
| 156|0x00000000e9c00000, 0x00000000e9d00000, 0x00000000e9d00000|100%| O|  |TAMS 0x00000000e9d00000| PB 0x00000000e9d00000| Untracked 
| 157|0x00000000e9d00000, 0x00000000e9e00000, 0x00000000e9e00000|100%| O|  |TAMS 0x00000000e9e00000| PB 0x00000000e9e00000| Untracked 
| 158|0x00000000e9e00000, 0x00000000e9e00000, 0x00000000e9f00000|  0%| F|  |TAMS 0x00000000e9e00000| PB 0x00000000e9e00000| Untracked 
| 159|0x00000000e9f00000, 0x00000000e9f00000, 0x00000000ea000000|  0%| F|  |TAMS 0x00000000e9f00000| PB 0x00000000e9f00000| Untracked 
| 160|0x00000000ea000000, 0x00000000ea000000, 0x00000000ea100000|  0%| F|  |TAMS 0x00000000ea000000| PB 0x00000000ea000000| Untracked 
| 161|0x00000000ea100000, 0x00000000ea100000, 0x00000000ea200000|  0%| F|  |TAMS 0x00000000ea100000| PB 0x00000000ea100000| Untracked 
| 162|0x00000000ea200000, 0x00000000ea200000, 0x00000000ea300000|  0%| F|  |TAMS 0x00000000ea200000| PB 0x00000000ea200000| Untracked 
| 163|0x00000000ea300000, 0x00000000ea300000, 0x00000000ea400000|  0%| F|  |TAMS 0x00000000ea300000| PB 0x00000000ea300000| Untracked 
| 164|0x00000000ea400000, 0x00000000ea400000, 0x00000000ea500000|  0%| F|  |TAMS 0x00000000ea400000| PB 0x00000000ea400000| Untracked 
| 165|0x00000000ea500000, 0x00000000ea500000, 0x00000000ea600000|  0%| F|  |TAMS 0x00000000ea500000| PB 0x00000000ea500000| Untracked 
| 166|0x00000000ea600000, 0x00000000ea600000, 0x00000000ea700000|  0%| F|  |TAMS 0x00000000ea600000| PB 0x00000000ea600000| Untracked 
| 167|0x00000000ea700000, 0x00000000ea700000, 0x00000000ea800000|  0%| F|  |TAMS 0x00000000ea700000| PB 0x00000000ea700000| Untracked 
| 168|0x00000000ea800000, 0x00000000ea8ad940, 0x00000000ea900000| 67%| S|CS|TAMS 0x00000000ea800000| PB 0x00000000ea800000| Complete 
| 169|0x00000000ea900000, 0x00000000eaa00000, 0x00000000eaa00000|100%| S|CS|TAMS 0x00000000ea900000| PB 0x00000000ea900000| Complete 
| 170|0x00000000eaa00000, 0x00000000eab00000, 0x00000000eab00000|100%| O|  |TAMS 0x00000000eab00000| PB 0x00000000eab00000| Untracked 
| 171|0x00000000eab00000, 0x00000000eac00000, 0x00000000eac00000|100%| O|  |TAMS 0x00000000eac00000| PB 0x00000000eac00000| Untracked 
| 172|0x00000000eac00000, 0x00000000ead00000, 0x00000000ead00000|100%| O|  |TAMS 0x00000000ead00000| PB 0x00000000ead00000| Untracked 
| 173|0x00000000ead00000, 0x00000000eae00000, 0x00000000eae00000|100%| O|  |TAMS 0x00000000eae00000| PB 0x00000000eae00000| Untracked 
| 174|0x00000000eae00000, 0x00000000eaf00000, 0x00000000eaf00000|100%| O|  |TAMS 0x00000000eaf00000| PB 0x00000000eaf00000| Untracked 
| 175|0x00000000eaf00000, 0x00000000eb000000, 0x00000000eb000000|100%| O|  |TAMS 0x00000000eb000000| PB 0x00000000eb000000| Untracked 
| 176|0x00000000eb000000, 0x00000000eb100000, 0x00000000eb100000|100%| O|  |TAMS 0x00000000eb100000| PB 0x00000000eb100000| Untracked 
| 177|0x00000000eb100000, 0x00000000eb200000, 0x00000000eb200000|100%| O|  |TAMS 0x00000000eb200000| PB 0x00000000eb200000| Untracked 
| 178|0x00000000eb200000, 0x00000000eb300000, 0x00000000eb300000|100%| O|  |TAMS 0x00000000eb300000| PB 0x00000000eb300000| Untracked 
| 179|0x00000000eb300000, 0x00000000eb400000, 0x00000000eb400000|100%| O|  |TAMS 0x00000000eb400000| PB 0x00000000eb400000| Untracked 
| 180|0x00000000eb400000, 0x00000000eb500000, 0x00000000eb500000|100%| O|  |TAMS 0x00000000eb500000| PB 0x00000000eb500000| Untracked 
| 181|0x00000000eb500000, 0x00000000eb600000, 0x00000000eb600000|100%| O|  |TAMS 0x00000000eb600000| PB 0x00000000eb600000| Untracked 
| 182|0x00000000eb600000, 0x00000000eb700000, 0x00000000eb700000|100%| O|  |TAMS 0x00000000eb700000| PB 0x00000000eb700000| Untracked 
| 183|0x00000000eb700000, 0x00000000eb800000, 0x00000000eb800000|100%| O|  |TAMS 0x00000000eb800000| PB 0x00000000eb800000| Untracked 
| 184|0x00000000eb800000, 0x00000000eb900000, 0x00000000eb900000|100%| O|  |TAMS 0x00000000eb900000| PB 0x00000000eb900000| Untracked 
| 185|0x00000000eb900000, 0x00000000eba00000, 0x00000000eba00000|100%| O|  |TAMS 0x00000000eba00000| PB 0x00000000eba00000| Updating 
| 186|0x00000000eba00000, 0x00000000ebb00000, 0x00000000ebb00000|100%| O|  |TAMS 0x00000000ebb00000| PB 0x00000000ebb00000| Updating 
| 187|0x00000000ebb00000, 0x00000000ebc00000, 0x00000000ebc00000|100%| S|CS|TAMS 0x00000000ebb00000| PB 0x00000000ebb00000| Complete 
| 188|0x00000000ebc00000, 0x00000000ebd00000, 0x00000000ebd00000|100%| S|CS|TAMS 0x00000000ebc00000| PB 0x00000000ebc00000| Complete 
| 189|0x00000000ebd00000, 0x00000000ebe00000, 0x00000000ebe00000|100%| S|CS|TAMS 0x00000000ebd00000| PB 0x00000000ebd00000| Complete 
| 190|0x00000000ebe00000, 0x00000000ebe00000, 0x00000000ebf00000|  0%| F|  |TAMS 0x00000000ebe00000| PB 0x00000000ebe00000| Untracked 
| 191|0x00000000ebf00000, 0x00000000ebf00000, 0x00000000ec000000|  0%| F|  |TAMS 0x00000000ebf00000| PB 0x00000000ebf00000| Untracked 
| 192|0x00000000ec000000, 0x00000000ec000000, 0x00000000ec100000|  0%| F|  |TAMS 0x00000000ec000000| PB 0x00000000ec000000| Untracked 
| 193|0x00000000ec100000, 0x00000000ec100000, 0x00000000ec200000|  0%| F|  |TAMS 0x00000000ec100000| PB 0x00000000ec100000| Untracked 
| 194|0x00000000ec200000, 0x00000000ec200000, 0x00000000ec300000|  0%| F|  |TAMS 0x00000000ec200000| PB 0x00000000ec200000| Untracked 
| 195|0x00000000ec300000, 0x00000000ec300000, 0x00000000ec400000|  0%| F|  |TAMS 0x00000000ec300000| PB 0x00000000ec300000| Untracked 
| 196|0x00000000ec400000, 0x00000000ec400000, 0x00000000ec500000|  0%| F|  |TAMS 0x00000000ec400000| PB 0x00000000ec400000| Untracked 
| 197|0x00000000ec500000, 0x00000000ec500000, 0x00000000ec600000|  0%| F|  |TAMS 0x00000000ec500000| PB 0x00000000ec500000| Untracked 
| 198|0x00000000ec600000, 0x00000000ec600000, 0x00000000ec700000|  0%| F|  |TAMS 0x00000000ec600000| PB 0x00000000ec600000| Untracked 
| 199|0x00000000ec700000, 0x00000000ec700000, 0x00000000ec800000|  0%| F|  |TAMS 0x00000000ec700000| PB 0x00000000ec700000| Untracked 
| 200|0x00000000ec800000, 0x00000000ec800000, 0x00000000ec900000|  0%| F|  |TAMS 0x00000000ec800000| PB 0x00000000ec800000| Untracked 
| 201|0x00000000ec900000, 0x00000000ec900000, 0x00000000eca00000|  0%| F|  |TAMS 0x00000000ec900000| PB 0x00000000ec900000| Untracked 
| 202|0x00000000eca00000, 0x00000000eca00000, 0x00000000ecb00000|  0%| F|  |TAMS 0x00000000eca00000| PB 0x00000000eca00000| Untracked 
| 203|0x00000000ecb00000, 0x00000000ecb00000, 0x00000000ecc00000|  0%| F|  |TAMS 0x00000000ecb00000| PB 0x00000000ecb00000| Untracked 
| 204|0x00000000ecc00000, 0x00000000ecc00000, 0x00000000ecd00000|  0%| F|  |TAMS 0x00000000ecc00000| PB 0x00000000ecc00000| Untracked 
| 205|0x00000000ecd00000, 0x00000000ecd00000, 0x00000000ece00000|  0%| F|  |TAMS 0x00000000ecd00000| PB 0x00000000ecd00000| Untracked 
| 206|0x00000000ece00000, 0x00000000ece00000, 0x00000000ecf00000|  0%| F|  |TAMS 0x00000000ece00000| PB 0x00000000ece00000| Untracked 
| 207|0x00000000ecf00000, 0x00000000ecf00000, 0x00000000ed000000|  0%| F|  |TAMS 0x00000000ecf00000| PB 0x00000000ecf00000| Untracked 
| 208|0x00000000ed000000, 0x00000000ed000000, 0x00000000ed100000|  0%| F|  |TAMS 0x00000000ed000000| PB 0x00000000ed000000| Untracked 
| 209|0x00000000ed100000, 0x00000000ed100000, 0x00000000ed200000|  0%| F|  |TAMS 0x00000000ed100000| PB 0x00000000ed100000| Untracked 
| 210|0x00000000ed200000, 0x00000000ed200000, 0x00000000ed300000|  0%| F|  |TAMS 0x00000000ed200000| PB 0x00000000ed200000| Untracked 
| 211|0x00000000ed300000, 0x00000000ed300000, 0x00000000ed400000|  0%| F|  |TAMS 0x00000000ed300000| PB 0x00000000ed300000| Untracked 
| 212|0x00000000ed400000, 0x00000000ed400000, 0x00000000ed500000|  0%| F|  |TAMS 0x00000000ed400000| PB 0x00000000ed400000| Untracked 
| 213|0x00000000ed500000, 0x00000000ed500000, 0x00000000ed600000|  0%| F|  |TAMS 0x00000000ed500000| PB 0x00000000ed500000| Untracked 
| 214|0x00000000ed600000, 0x00000000ed600000, 0x00000000ed700000|  0%| F|  |TAMS 0x00000000ed600000| PB 0x00000000ed600000| Untracked 
| 215|0x00000000ed700000, 0x00000000ed700000, 0x00000000ed800000|  0%| F|  |TAMS 0x00000000ed700000| PB 0x00000000ed700000| Untracked 
| 216|0x00000000ed800000, 0x00000000ed800000, 0x00000000ed900000|  0%| F|  |TAMS 0x00000000ed800000| PB 0x00000000ed800000| Untracked 
| 217|0x00000000ed900000, 0x00000000ed900000, 0x00000000eda00000|  0%| F|  |TAMS 0x00000000ed900000| PB 0x00000000ed900000| Untracked 
| 218|0x00000000eda00000, 0x00000000eda00000, 0x00000000edb00000|  0%| F|  |TAMS 0x00000000eda00000| PB 0x00000000eda00000| Untracked 
| 219|0x00000000edb00000, 0x00000000edb00000, 0x00000000edc00000|  0%| F|  |TAMS 0x00000000edb00000| PB 0x00000000edb00000| Untracked 
| 220|0x00000000edc00000, 0x00000000edc00000, 0x00000000edd00000|  0%| F|  |TAMS 0x00000000edc00000| PB 0x00000000edc00000| Untracked 
| 221|0x00000000edd00000, 0x00000000edd00000, 0x00000000ede00000|  0%| F|  |TAMS 0x00000000edd00000| PB 0x00000000edd00000| Untracked 
| 222|0x00000000ede00000, 0x00000000ede00000, 0x00000000edf00000|  0%| F|  |TAMS 0x00000000ede00000| PB 0x00000000ede00000| Untracked 
| 223|0x00000000edf00000, 0x00000000edf00000, 0x00000000ee000000|  0%| F|  |TAMS 0x00000000edf00000| PB 0x00000000edf00000| Untracked 
| 224|0x00000000ee000000, 0x00000000ee000000, 0x00000000ee100000|  0%| F|  |TAMS 0x00000000ee000000| PB 0x00000000ee000000| Untracked 
| 225|0x00000000ee100000, 0x00000000ee100000, 0x00000000ee200000|  0%| F|  |TAMS 0x00000000ee100000| PB 0x00000000ee100000| Untracked 
| 226|0x00000000ee200000, 0x00000000ee200000, 0x00000000ee300000|  0%| F|  |TAMS 0x00000000ee200000| PB 0x00000000ee200000| Untracked 
| 227|0x00000000ee300000, 0x00000000ee300000, 0x00000000ee400000|  0%| F|  |TAMS 0x00000000ee300000| PB 0x00000000ee300000| Untracked 
| 228|0x00000000ee400000, 0x00000000ee400000, 0x00000000ee500000|  0%| F|  |TAMS 0x00000000ee400000| PB 0x00000000ee400000| Untracked 
| 229|0x00000000ee500000, 0x00000000ee500000, 0x00000000ee600000|  0%| F|  |TAMS 0x00000000ee500000| PB 0x00000000ee500000| Untracked 
| 230|0x00000000ee600000, 0x00000000ee600000, 0x00000000ee700000|  0%| F|  |TAMS 0x00000000ee600000| PB 0x00000000ee600000| Untracked 
| 231|0x00000000ee700000, 0x00000000ee700000, 0x00000000ee800000|  0%| F|  |TAMS 0x00000000ee700000| PB 0x00000000ee700000| Untracked 
| 232|0x00000000ee800000, 0x00000000ee800000, 0x00000000ee900000|  0%| F|  |TAMS 0x00000000ee800000| PB 0x00000000ee800000| Untracked 
| 233|0x00000000ee900000, 0x00000000ee900000, 0x00000000eea00000|  0%| F|  |TAMS 0x00000000ee900000| PB 0x00000000ee900000| Untracked 
| 234|0x00000000eea00000, 0x00000000eea00000, 0x00000000eeb00000|  0%| F|  |TAMS 0x00000000eea00000| PB 0x00000000eea00000| Untracked 
| 235|0x00000000eeb00000, 0x00000000eeb00000, 0x00000000eec00000|  0%| F|  |TAMS 0x00000000eeb00000| PB 0x00000000eeb00000| Untracked 
| 236|0x00000000eec00000, 0x00000000eec00000, 0x00000000eed00000|  0%| F|  |TAMS 0x00000000eec00000| PB 0x00000000eec00000| Untracked 
| 237|0x00000000eed00000, 0x00000000eed00000, 0x00000000eee00000|  0%| F|  |TAMS 0x00000000eed00000| PB 0x00000000eed00000| Untracked 
| 238|0x00000000eee00000, 0x00000000eee00000, 0x00000000eef00000|  0%| F|  |TAMS 0x00000000eee00000| PB 0x00000000eee00000| Untracked 
| 239|0x00000000eef00000, 0x00000000eef00000, 0x00000000ef000000|  0%| F|  |TAMS 0x00000000eef00000| PB 0x00000000eef00000| Untracked 
| 240|0x00000000ef000000, 0x00000000ef000000, 0x00000000ef100000|  0%| F|  |TAMS 0x00000000ef000000| PB 0x00000000ef000000| Untracked 
| 241|0x00000000ef100000, 0x00000000ef100000, 0x00000000ef200000|  0%| F|  |TAMS 0x00000000ef100000| PB 0x00000000ef100000| Untracked 
| 242|0x00000000ef200000, 0x00000000ef200000, 0x00000000ef300000|  0%| F|  |TAMS 0x00000000ef200000| PB 0x00000000ef200000| Untracked 
| 243|0x00000000ef300000, 0x00000000ef300000, 0x00000000ef400000|  0%| F|  |TAMS 0x00000000ef300000| PB 0x00000000ef300000| Untracked 
| 244|0x00000000ef400000, 0x00000000ef400000, 0x00000000ef500000|  0%| F|  |TAMS 0x00000000ef400000| PB 0x00000000ef400000| Untracked 
| 245|0x00000000ef500000, 0x00000000ef500000, 0x00000000ef600000|  0%| F|  |TAMS 0x00000000ef500000| PB 0x00000000ef500000| Untracked 
| 246|0x00000000ef600000, 0x00000000ef600000, 0x00000000ef700000|  0%| F|  |TAMS 0x00000000ef600000| PB 0x00000000ef600000| Untracked 
| 247|0x00000000ef700000, 0x00000000ef700000, 0x00000000ef800000|  0%| F|  |TAMS 0x00000000ef700000| PB 0x00000000ef700000| Untracked 
| 248|0x00000000ef800000, 0x00000000ef800000, 0x00000000ef900000|  0%| F|  |TAMS 0x00000000ef800000| PB 0x00000000ef800000| Untracked 
| 249|0x00000000ef900000, 0x00000000ef900000, 0x00000000efa00000|  0%| F|  |TAMS 0x00000000ef900000| PB 0x00000000ef900000| Untracked 
| 250|0x00000000efa00000, 0x00000000efa00000, 0x00000000efb00000|  0%| F|  |TAMS 0x00000000efa00000| PB 0x00000000efa00000| Untracked 
| 251|0x00000000efb00000, 0x00000000efb00000, 0x00000000efc00000|  0%| F|  |TAMS 0x00000000efb00000| PB 0x00000000efb00000| Untracked 
| 252|0x00000000efc00000, 0x00000000efc00000, 0x00000000efd00000|  0%| F|  |TAMS 0x00000000efc00000| PB 0x00000000efc00000| Untracked 
| 253|0x00000000efd00000, 0x00000000efd00000, 0x00000000efe00000|  0%| F|  |TAMS 0x00000000efd00000| PB 0x00000000efd00000| Untracked 
| 254|0x00000000efe00000, 0x00000000efe00000, 0x00000000eff00000|  0%| F|  |TAMS 0x00000000efe00000| PB 0x00000000efe00000| Untracked 
| 255|0x00000000eff00000, 0x00000000f0000000, 0x00000000f0000000|100%| E|  |TAMS 0x00000000eff00000| PB 0x00000000eff00000| Complete 
| 256|0x00000000f0000000, 0x00000000f0100000, 0x00000000f0100000|100%| E|CS|TAMS 0x00000000f0000000| PB 0x00000000f0000000| Complete 
| 257|0x00000000f0100000, 0x00000000f0200000, 0x00000000f0200000|100%| E|CS|TAMS 0x00000000f0100000| PB 0x00000000f0100000| Complete 
| 258|0x00000000f0200000, 0x00000000f0300000, 0x00000000f0300000|100%| E|CS|TAMS 0x00000000f0200000| PB 0x00000000f0200000| Complete 
| 259|0x00000000f0300000, 0x00000000f0400000, 0x00000000f0400000|100%| E|CS|TAMS 0x00000000f0300000| PB 0x00000000f0300000| Complete 
| 260|0x00000000f0400000, 0x00000000f0500000, 0x00000000f0500000|100%| E|CS|TAMS 0x00000000f0400000| PB 0x00000000f0400000| Complete 
| 261|0x00000000f0500000, 0x00000000f0600000, 0x00000000f0600000|100%| E|CS|TAMS 0x00000000f0500000| PB 0x00000000f0500000| Complete 
| 262|0x00000000f0600000, 0x00000000f0700000, 0x00000000f0700000|100%| E|CS|TAMS 0x00000000f0600000| PB 0x00000000f0600000| Complete 
| 263|0x00000000f0700000, 0x00000000f0800000, 0x00000000f0800000|100%| E|CS|TAMS 0x00000000f0700000| PB 0x00000000f0700000| Complete 
| 264|0x00000000f0800000, 0x00000000f0900000, 0x00000000f0900000|100%| E|CS|TAMS 0x00000000f0800000| PB 0x00000000f0800000| Complete 
| 265|0x00000000f0900000, 0x00000000f0a00000, 0x00000000f0a00000|100%| E|CS|TAMS 0x00000000f0900000| PB 0x00000000f0900000| Complete 
| 266|0x00000000f0a00000, 0x00000000f0b00000, 0x00000000f0b00000|100%| E|CS|TAMS 0x00000000f0a00000| PB 0x00000000f0a00000| Complete 
| 267|0x00000000f0b00000, 0x00000000f0c00000, 0x00000000f0c00000|100%| E|CS|TAMS 0x00000000f0b00000| PB 0x00000000f0b00000| Complete 
| 499|0x00000000ff300000, 0x00000000ff400000, 0x00000000ff400000|100%| O|  |TAMS 0x00000000ff400000| PB 0x00000000ff400000| Updating 
| 500|0x00000000ff400000, 0x00000000ff500000, 0x00000000ff500000|100%| O|  |TAMS 0x00000000ff500000| PB 0x00000000ff500000| Untracked 
| 501|0x00000000ff500000, 0x00000000ff600000, 0x00000000ff600000|100%| O|  |TAMS 0x00000000ff600000| PB 0x00000000ff600000| Untracked 
| 502|0x00000000ff600000, 0x00000000ff700000, 0x00000000ff700000|100%| O|  |TAMS 0x00000000ff700000| PB 0x00000000ff700000| Updating 
| 503|0x00000000ff700000, 0x00000000ff800000, 0x00000000ff800000|100%| O|  |TAMS 0x00000000ff800000| PB 0x00000000ff800000| Updating 
| 504|0x00000000ff800000, 0x00000000ff900000, 0x00000000ff900000|100%| O|  |TAMS 0x00000000ff900000| PB 0x00000000ff900000| Untracked 
| 505|0x00000000ff900000, 0x00000000ffa00000, 0x00000000ffa00000|100%| O|  |TAMS 0x00000000ffa00000| PB 0x00000000ffa00000| Untracked 
| 506|0x00000000ffa00000, 0x00000000ffb00000, 0x00000000ffb00000|100%| O|  |TAMS 0x00000000ffb00000| PB 0x00000000ffb00000| Updating 
| 507|0x00000000ffb00000, 0x00000000ffc00000, 0x00000000ffc00000|100%| E|CS|TAMS 0x00000000ffb00000| PB 0x00000000ffb00000| Complete 
| 508|0x00000000ffc00000, 0x00000000ffd00000, 0x00000000ffd00000|100%| E|CS|TAMS 0x00000000ffc00000| PB 0x00000000ffc00000| Complete 
| 509|0x00000000ffd00000, 0x00000000ffe00000, 0x00000000ffe00000|100%| E|CS|TAMS 0x00000000ffd00000| PB 0x00000000ffd00000| Complete 
| 510|0x00000000ffe00000, 0x00000000fff00000, 0x00000000fff00000|100%| E|CS|TAMS 0x00000000ffe00000| PB 0x00000000ffe00000| Complete 
| 511|0x00000000fff00000, 0x0000000100000000, 0x0000000100000000|100%| E|CS|TAMS 0x00000000fff00000| PB 0x00000000fff00000| Complete 

Card table byte_map: [0x000002d1fd700000,0x000002d1fd800000] _byte_map_base: 0x000002d1fd000000

Marking Bits: (CMBitMap*) 0x000002d1f458b7d0
 Bits: [0x000002d1fd800000, 0x000002d1fe000000)

Polling page: 0x000002d1f2b80000

Metaspace:

Usage:
  Non-class:     91.95 MB used.
      Class:     14.23 MB used.
       Both:    106.18 MB used.

Virtual space:
  Non-class space:      128.00 MB reserved,      93.00 MB ( 73%) committed,  2 nodes.
      Class space:      320.00 MB reserved,      15.25 MB (  5%) committed,  1 nodes.
             Both:      448.00 MB reserved,     108.25 MB ( 24%) committed. 

Chunk freelists:
   Non-Class:  2.80 MB
       Class:  823.00 KB
        Both:  3.60 MB

MaxMetaspaceSize: 384.00 MB
CompressedClassSpaceSize: 320.00 MB
Initial GC threshold: 21.00 MB
Current GC threshold: 165.88 MB
CDS: on
 - commit_granule_bytes: 65536.
 - commit_granule_words: 8192.
 - virtual_space_node_default_size: 8388608.
 - enlarge_chunks_in_place: 1.
 - use_allocation_guard: 0.


Internal statistics:

num_allocs_failed_limit: 18.
num_arena_births: 6652.
num_arena_deaths: 2968.
num_vsnodes_births: 3.
num_vsnodes_deaths: 0.
num_space_committed: 1732.
num_space_uncommitted: 0.
num_chunks_returned_to_freelist: 3443.
num_chunks_taken_from_freelist: 13419.
num_chunk_merges: 1262.
num_chunk_splits: 7565.
num_chunks_enlarged: 4216.
num_inconsistent_stats: 0.

CodeHeap 'non-profiled nmethods': size=120000Kb used=11806Kb max_used=12551Kb free=108193Kb
 bounds [0x000002d187ad0000, 0x000002d188720000, 0x000002d18f000000]
CodeHeap 'profiled nmethods': size=120000Kb used=33072Kb max_used=35131Kb free=86927Kb
 bounds [0x000002d180000000, 0x000002d182260000, 0x000002d187530000]
CodeHeap 'non-nmethods': size=5760Kb used=2043Kb max_used=2117Kb free=3716Kb
 bounds [0x000002d187530000, 0x000002d1877a0000, 0x000002d187ad0000]
CodeCache: size=245760Kb, used=46921Kb, max_used=49799Kb, free=198836Kb
 total_blobs=16286, nmethods=15393, adapters=794, full_count=0
Compilation: enabled, stopped_count=0, restarted_count=0

Compilation events (20 events):
Event: 7099.958 Thread 0x000002d18f6c33d0 22410       2       com.sun.tools.javac.tree.TreeScanner::visitPackageDef (17 bytes)
Event: 7099.958 Thread 0x000002d18f6c33d0 nmethod 22410 0x000002d182249290 code [0x000002d182249440, 0x000002d1822495c0]
Event: 7099.959 Thread 0x000002d18f6c33d0 22411       2       com.sun.tools.javac.processing.JavacProcessingEnvironment$1::visitClassDef (224 bytes)
Event: 7099.960 Thread 0x000002d18f6c33d0 nmethod 22411 0x000002d182249710 code [0x000002d1822499a0, 0x000002d18224a5a0]
Event: 7099.960 Thread 0x000002d18f6c33d0 22412       3       com.sun.tools.javac.processing.JavacProcessingEnvironment$1::visitVarDef (11 bytes)
Event: 7099.961 Thread 0x000002d18f6c33d0 nmethod 22412 0x000002d18224ab90 code [0x000002d18224ae00, 0x000002d18224ba18]
Event: 7099.962 Thread 0x000002d18f6c33d0 22414       2       com.sun.tools.javac.processing.JavacProcessingEnvironment$1::visitBinary (11 bytes)
Event: 7099.962 Thread 0x000002d18f6c33d0 nmethod 22414 0x000002d18224be90 code [0x000002d18224c060, 0x000002d18224c2e0]
Event: 7099.964 Thread 0x000002d18f6c33d0 22415       2       com.sun.tools.javac.comp.Todo::poll (5 bytes)
Event: 7099.964 Thread 0x000002d18f6c33d0 nmethod 22415 0x000002d18224c490 code [0x000002d18224c680, 0x000002d18224c9c8]
Event: 7099.968 Thread 0x000002d18f6c33d0 22416   !   2       com.sun.tools.javac.comp.Modules::completeModule (458 bytes)
Event: 7099.971 Thread 0x000002d18f6c33d0 nmethod 22416 0x000002d18224cc10 code [0x000002d18224d0e0, 0x000002d18224ea70]
Event: 7099.971 Thread 0x000002d18f6c33d0 22417       2       com.sun.tools.javac.comp.Modules$$Lambda/0x000002d191ec57c0::test (8 bytes)
Event: 7099.972 Thread 0x000002d18f6c33d0 nmethod 22417 0x000002d18224f910 code [0x000002d18224faa0, 0x000002d18224fc00]
Event: 7099.972 Thread 0x000002d18f6c33d0 22418       2       com.sun.tools.javac.comp.Modules$$Lambda/0x000002d191ec50d0::test (8 bytes)
Event: 7099.972 Thread 0x000002d18f6c33d0 nmethod 22418 0x000002d18224fd10 code [0x000002d18224fea0, 0x000002d182250020]
Event: 7099.972 Thread 0x000002d18f6c33d0 22419       2       com.sun.tools.javac.comp.Modules$$Lambda/0x000002d191ec4e78::test (16 bytes)
Event: 7099.972 Thread 0x000002d18f6c33d0 nmethod 22419 0x000002d182250110 code [0x000002d1822502c0, 0x000002d182250438]
Event: 7099.972 Thread 0x000002d18f6c33d0 22420       2       com.sun.tools.javac.comp.Modules$$Lambda/0x000002d191ec5320::test (8 bytes)
Event: 7099.973 Thread 0x000002d18f6c33d0 nmethod 22420 0x000002d182250510 code [0x000002d182250740, 0x000002d182250ce8]

GC Heap History (20 events):
Event: 7042.627 GC heap before
{Heap before GC invocations=19 (full 0):
 garbage-first heap   total 268288K, used 140128K [0x00000000e0000000, 0x0000000100000000)
  region size 1024K, 40 young (40960K), 14 survivors (14336K)
 Metaspace       used 73499K, committed 75008K, reserved 393216K
  class space    used 10363K, committed 11072K, reserved 327680K
}
Event: 7042.642 GC heap after
{Heap after GC invocations=20 (full 0):
 garbage-first heap   total 268288K, used 115712K [0x00000000e0000000, 0x0000000100000000)
  region size 1024K, 6 young (6144K), 6 survivors (6144K)
 Metaspace       used 73499K, committed 75008K, reserved 393216K
  class space    used 10363K, committed 11072K, reserved 327680K
}
Event: 7046.437 GC heap before
{Heap before GC invocations=21 (full 0):
 garbage-first heap   total 268288K, used 258048K [0x00000000e0000000, 0x0000000100000000)
  region size 1024K, 136 young (139264K), 6 survivors (6144K)
 Metaspace       used 80621K, committed 82304K, reserved 458752K
  class space    used 11337K, committed 12160K, reserved 327680K
}
Event: 7046.460 GC heap after
{Heap after GC invocations=22 (full 0):
 garbage-first heap   total 276480K, used 136704K [0x00000000e0000000, 0x0000000100000000)
  region size 1024K, 17 young (17408K), 17 survivors (17408K)
 Metaspace       used 80621K, committed 82304K, reserved 458752K
  class space    used 11337K, committed 12160K, reserved 327680K
}
Event: 7051.585 GC heap before
{Heap before GC invocations=22 (full 0):
 garbage-first heap   total 276480K, used 253440K [0x00000000e0000000, 0x0000000100000000)
  region size 1024K, 132 young (135168K), 17 survivors (17408K)
 Metaspace       used 89664K, committed 91456K, reserved 458752K
  class space    used 12359K, committed 13248K, reserved 327680K
}
Event: 7051.613 GC heap after
{Heap after GC invocations=23 (full 0):
 garbage-first heap   total 279552K, used 140100K [0x00000000e0000000, 0x0000000100000000)
  region size 1024K, 8 young (8192K), 8 survivors (8192K)
 Metaspace       used 89664K, committed 91456K, reserved 458752K
  class space    used 12359K, committed 13248K, reserved 327680K
}
Event: 7055.371 GC heap before
{Heap before GC invocations=23 (full 0):
 garbage-first heap   total 279552K, used 217924K [0x00000000e0000000, 0x0000000100000000)
  region size 1024K, 86 young (88064K), 8 survivors (8192K)
 Metaspace       used 91528K, committed 93248K, reserved 458752K
  class space    used 12543K, committed 13376K, reserved 327680K
}
Event: 7055.386 GC heap after
{Heap after GC invocations=24 (full 0):
 garbage-first heap   total 279552K, used 142567K [0x00000000e0000000, 0x0000000100000000)
  region size 1024K, 11 young (11264K), 11 survivors (11264K)
 Metaspace       used 91528K, committed 93248K, reserved 458752K
  class space    used 12543K, committed 13376K, reserved 327680K
}
Event: 7087.503 GC heap before
{Heap before GC invocations=25 (full 0):
 garbage-first heap   total 279552K, used 257255K [0x00000000e0000000, 0x0000000100000000)
  region size 1024K, 124 young (126976K), 11 survivors (11264K)
 Metaspace       used 95890K, committed 97920K, reserved 458752K
  class space    used 13128K, committed 14144K, reserved 327680K
}
Event: 7087.537 GC heap after
{Heap after GC invocations=26 (full 0):
 garbage-first heap   total 279552K, used 147742K [0x00000000e0000000, 0x0000000100000000)
  region size 1024K, 12 young (12288K), 12 survivors (12288K)
 Metaspace       used 95890K, committed 97920K, reserved 458752K
  class space    used 13128K, committed 14144K, reserved 327680K
}
Event: 7091.163 GC heap before
{Heap before GC invocations=26 (full 0):
 garbage-first heap   total 279552K, used 255262K [0x00000000e0000000, 0x0000000100000000)
  region size 1024K, 118 young (120832K), 12 survivors (12288K)
 Metaspace       used 96870K, committed 98880K, reserved 458752K
  class space    used 13248K, committed 14272K, reserved 327680K
}
Event: 7091.197 GC heap after
{Heap after GC invocations=27 (full 0):
 garbage-first heap   total 279552K, used 149765K [0x00000000e0000000, 0x0000000100000000)
  region size 1024K, 6 young (6144K), 6 survivors (6144K)
 Metaspace       used 96870K, committed 98880K, reserved 458752K
  class space    used 13248K, committed 14272K, reserved 327680K
}
Event: 7093.403 GC heap before
{Heap before GC invocations=27 (full 0):
 garbage-first heap   total 279552K, used 235781K [0x00000000e0000000, 0x0000000100000000)
  region size 1024K, 92 young (94208K), 6 survivors (6144K)
 Metaspace       used 99253K, committed 101248K, reserved 458752K
  class space    used 13545K, committed 14528K, reserved 327680K
}
Event: 7093.435 GC heap after
{Heap after GC invocations=28 (full 0):
 garbage-first heap   total 279552K, used 162816K [0x00000000e0000000, 0x0000000100000000)
  region size 1024K, 14 young (14336K), 14 survivors (14336K)
 Metaspace       used 99253K, committed 101248K, reserved 458752K
  class space    used 13545K, committed 14528K, reserved 327680K
}
Event: 7096.322 GC heap before
{Heap before GC invocations=29 (full 0):
 garbage-first heap   total 279552K, used 253952K [0x00000000e0000000, 0x0000000100000000)
  region size 1024K, 102 young (104448K), 14 survivors (14336K)
 Metaspace       used 106360K, committed 108352K, reserved 458752K
  class space    used 14310K, committed 15296K, reserved 327680K
}
Event: 7096.366 GC heap after
{Heap after GC invocations=30 (full 0):
 garbage-first heap   total 287744K, used 182272K [0x00000000e0000000, 0x0000000100000000)
  region size 1024K, 13 young (13312K), 13 survivors (13312K)
 Metaspace       used 106360K, committed 108352K, reserved 458752K
  class space    used 14310K, committed 15296K, reserved 327680K
}
Event: 7098.339 GC heap before
{Heap before GC invocations=30 (full 0):
 garbage-first heap   total 287744K, used 256000K [0x00000000e0000000, 0x0000000100000000)
  region size 1024K, 86 young (88064K), 13 survivors (13312K)
 Metaspace       used 108464K, committed 110592K, reserved 458752K
  class space    used 14565K, committed 15616K, reserved 327680K
}
Event: 7098.366 GC heap after
{Heap after GC invocations=31 (full 0):
 garbage-first heap   total 287744K, used 178176K [0x00000000e0000000, 0x0000000100000000)
  region size 1024K, 3 young (3072K), 3 survivors (3072K)
 Metaspace       used 108464K, committed 110592K, reserved 458752K
  class space    used 14565K, committed 15616K, reserved 327680K
}
Event: 7099.574 GC heap before
{Heap before GC invocations=31 (full 0):
 garbage-first heap   total 287744K, used 260096K [0x00000000e0000000, 0x0000000100000000)
  region size 1024K, 83 young (84992K), 3 survivors (3072K)
 Metaspace       used 108673K, committed 110784K, reserved 458752K
  class space    used 14568K, committed 15616K, reserved 327680K
}
Event: 7099.584 GC heap after
{Heap after GC invocations=32 (full 0):
 garbage-first heap   total 287744K, used 179894K [0x00000000e0000000, 0x0000000100000000)
  region size 1024K, 5 young (5120K), 5 survivors (5120K)
 Metaspace       used 108673K, committed 110784K, reserved 458752K
  class space    used 14568K, committed 15616K, reserved 327680K
}

Dll operation events (15 events):
Event: 0.009 Loaded shared library C:\Users\Administrator\.jdks\ms-21.0.10\bin\java.dll
Event: 0.033 Loaded shared library C:\Users\Administrator\.jdks\ms-21.0.10\bin\jsvml.dll
Event: 0.078 Loaded shared library C:\Users\Administrator\.jdks\ms-21.0.10\bin\zip.dll
Event: 0.080 Loaded shared library C:\Users\Administrator\.jdks\ms-21.0.10\bin\instrument.dll
Event: 0.085 Loaded shared library C:\Users\Administrator\.jdks\ms-21.0.10\bin\net.dll
Event: 0.087 Loaded shared library C:\Users\Administrator\.jdks\ms-21.0.10\bin\nio.dll
Event: 0.090 Loaded shared library C:\Users\Administrator\.jdks\ms-21.0.10\bin\zip.dll
Event: 0.382 Loaded shared library C:\Users\Administrator\.jdks\ms-21.0.10\bin\jimage.dll
Event: 0.861 Loaded shared library C:\Users\Administrator\.jdks\ms-21.0.10\bin\verify.dll
Event: 0.910 Loaded shared library C:\Users\Administrator\.gradle\native\660c5614fbf4a5f2a75b1949f50a0caf5cd603558e7d8a26e50b933a0cfb79d1\windows-amd64\native-platform.dll
Event: 0.934 Loaded shared library C:\Users\Administrator\.gradle\native\0.2.8\x86_64-windows-gnu\gradle-fileevents.dll
Event: 3.066 Loaded shared library C:\Users\Administrator\.jdks\ms-21.0.10\bin\management.dll
Event: 3.069 Loaded shared library C:\Users\Administrator\.jdks\ms-21.0.10\bin\management_ext.dll
Event: 3.304 Loaded shared library C:\Users\Administrator\.jdks\ms-21.0.10\bin\extnet.dll
Event: 3.582 Loaded shared library C:\Users\Administrator\.jdks\ms-21.0.10\bin\sunmscapi.dll

Deoptimization events (20 events):
Event: 7099.296 Thread 0x000002d1aca22830 Uncommon trap: trap_request=0xffffff45 fr.pc=0x000002d187cfd5ac relative=0x0000000000000aec
Event: 7099.296 Thread 0x000002d1aca22830 Uncommon trap: reason=unstable_if action=reinterpret pc=0x000002d187cfd5ac method=lombok.core.configuration.FileSystemSourceCache.parseIfNeccesary(Llombok/core/configuration/ConfigurationFile;Llombok/core/configuration/ConfigurationParser;)Llombok/core/co
Event: 7099.296 Thread 0x000002d1aca22830 DEOPT PACKING pc=0x000002d187cfd5ac sp=0x000000eba24f93c0
Event: 7099.296 Thread 0x000002d1aca22830 DEOPT UNPACKING pc=0x000002d187584422 sp=0x000000eba24f9368 mode 2
Event: 7099.802 Thread 0x000002d1aca22830 Uncommon trap: trap_request=0xffffffc6 fr.pc=0x000002d187fe0a34 relative=0x00000000000008b4
Event: 7099.802 Thread 0x000002d1aca22830 Uncommon trap: reason=bimorphic_or_optimized_type_check action=maybe_recompile pc=0x000002d187fe0a34 method=lombok.javac.JavacNode.traverse(Llombok/javac/JavacASTVisitor;)V @ 73 c2
Event: 7099.802 Thread 0x000002d1aca22830 DEOPT PACKING pc=0x000002d187fe0a34 sp=0x000000eba24f94a0
Event: 7099.803 Thread 0x000002d1aca22830 DEOPT UNPACKING pc=0x000002d187584422 sp=0x000000eba24f9428 mode 2
Event: 7099.803 Thread 0x000002d1aca22830 Uncommon trap: trap_request=0xffffffc6 fr.pc=0x000002d187fe0fe0 relative=0x0000000000000e60
Event: 7099.803 Thread 0x000002d1aca22830 Uncommon trap: reason=bimorphic_or_optimized_type_check action=maybe_recompile pc=0x000002d187fe0fe0 method=lombok.javac.JavacNode.traverse(Llombok/javac/JavacASTVisitor;)V @ 113 c2
Event: 7099.803 Thread 0x000002d1aca22830 DEOPT PACKING pc=0x000002d187fe0fe0 sp=0x000000eba24f93c0
Event: 7099.803 Thread 0x000002d1aca22830 DEOPT UNPACKING pc=0x000002d187584422 sp=0x000000eba24f9348 mode 2
Event: 7099.803 Thread 0x000002d1aca22830 Uncommon trap: trap_request=0xffffffc6 fr.pc=0x000002d187fe0a34 relative=0x00000000000008b4
Event: 7099.803 Thread 0x000002d1aca22830 Uncommon trap: reason=bimorphic_or_optimized_type_check action=maybe_recompile pc=0x000002d187fe0a34 method=lombok.javac.JavacNode.traverse(Llombok/javac/JavacASTVisitor;)V @ 73 c2
Event: 7099.803 Thread 0x000002d1aca22830 DEOPT PACKING pc=0x000002d187fe0a34 sp=0x000000eba24f94a0
Event: 7099.803 Thread 0x000002d1aca22830 DEOPT UNPACKING pc=0x000002d187584422 sp=0x000000eba24f9428 mode 2
Event: 7099.803 Thread 0x000002d1aca22830 Uncommon trap: trap_request=0xffffffc6 fr.pc=0x000002d187fe0fe0 relative=0x0000000000000e60
Event: 7099.803 Thread 0x000002d1aca22830 Uncommon trap: reason=bimorphic_or_optimized_type_check action=maybe_recompile pc=0x000002d187fe0fe0 method=lombok.javac.JavacNode.traverse(Llombok/javac/JavacASTVisitor;)V @ 113 c2
Event: 7099.803 Thread 0x000002d1aca22830 DEOPT PACKING pc=0x000002d187fe0fe0 sp=0x000000eba24f93c0
Event: 7099.804 Thread 0x000002d1aca22830 DEOPT UNPACKING pc=0x000002d187584422 sp=0x000000eba24f9348 mode 2

Classes loaded (20 events):
Event: 7096.155 Loading class jdk/internal/module/IllegalAccessLogger
Event: 7096.155 Loading class jdk/internal/module/IllegalAccessLogger done
Event: 7096.208 Loading class java/lang/LayerInstantiationException
Event: 7096.208 Loading class java/lang/LayerInstantiationException done
Event: 7096.208 Loading class jdk/internal/loader/Loader
Event: 7096.209 Loading class jdk/internal/loader/Loader done
Event: 7096.210 Loading class jdk/internal/classfile/ClassBuilder
Event: 7096.211 Loading class jdk/internal/classfile/ClassfileBuilder
Event: 7096.211 Loading class jdk/internal/classfile/ClassfileBuilder done
Event: 7096.211 Loading class jdk/internal/classfile/ClassBuilder done
Event: 7096.211 Loading class jdk/internal/classfile/ClassElement
Event: 7096.211 Loading class jdk/internal/classfile/ClassfileElement
Event: 7096.211 Loading class jdk/internal/classfile/ClassfileElement done
Event: 7096.211 Loading class jdk/internal/classfile/ClassElement done
Event: 7096.508 Loading class java/text/BreakIterator
Event: 7096.509 Loading class java/text/BreakIterator done
Event: 7097.032 Loading class java/util/Collections$UnmodifiableSortedSet
Event: 7097.032 Loading class java/util/Collections$UnmodifiableSortedSet done
Event: 7097.079 Loading class java/util/regex/Pattern$Caret
Event: 7097.080 Loading class java/util/regex/Pattern$Caret done

Classes unloaded (20 events):
Event: 7093.684 Thread 0x000002d18f5f3a50 Unloading class 0x000002d191cdac00 'java/lang/invoke/LambdaForm$MH+0x000002d191cdac00'
Event: 7093.684 Thread 0x000002d18f5f3a50 Unloading class 0x000002d191cda800 'java/lang/invoke/LambdaForm$MH+0x000002d191cda800'
Event: 7093.684 Thread 0x000002d18f5f3a50 Unloading class 0x000002d191cd9c00 'java/lang/invoke/LambdaForm$MH+0x000002d191cd9c00'
Event: 7093.684 Thread 0x000002d18f5f3a50 Unloading class 0x000002d191cd9800 'java/lang/invoke/LambdaForm$MH+0x000002d191cd9800'
Event: 7093.684 Thread 0x000002d18f5f3a50 Unloading class 0x000002d191cd9000 'java/lang/invoke/LambdaForm$MH+0x000002d191cd9000'
Event: 7093.684 Thread 0x000002d18f5f3a50 Unloading class 0x000002d191cd8c00 'java/lang/invoke/LambdaForm$MH+0x000002d191cd8c00'
Event: 7093.684 Thread 0x000002d18f5f3a50 Unloading class 0x000002d191cd8400 'java/lang/invoke/LambdaForm$MH+0x000002d191cd8400'
Event: 7093.684 Thread 0x000002d18f5f3a50 Unloading class 0x000002d191cd8000 'java/lang/invoke/LambdaForm$MH+0x000002d191cd8000'
Event: 7093.684 Thread 0x000002d18f5f3a50 Unloading class 0x000002d19195e400 'java/lang/invoke/LambdaForm$MH+0x000002d19195e400'
Event: 7093.684 Thread 0x000002d18f5f3a50 Unloading class 0x000002d19195d000 'build_33musihv3ew01068lyyd0if3m$_run_closure1$_closure6'
Event: 7093.684 Thread 0x000002d18f5f3a50 Unloading class 0x000002d191959850 'build_33musihv3ew01068lyyd0if3m$_run_closure5'
Event: 7093.685 Thread 0x000002d18f5f3a50 Unloading class 0x000002d191959428 'build_33musihv3ew01068lyyd0if3m$_run_closure4'
Event: 7093.685 Thread 0x000002d18f5f3a50 Unloading class 0x000002d191959000 'build_33musihv3ew01068lyyd0if3m$_run_closure3'
Event: 7093.685 Thread 0x000002d18f5f3a50 Unloading class 0x000002d191958958 'build_33musihv3ew01068lyyd0if3m$_run_closure2'
Event: 7093.685 Thread 0x000002d18f5f3a50 Unloading class 0x000002d191958530 'build_33musihv3ew01068lyyd0if3m$_run_closure1'
Event: 7093.685 Thread 0x000002d18f5f3a50 Unloading class 0x000002d191958000 'build_33musihv3ew01068lyyd0if3m'
Event: 7093.685 Thread 0x000002d18f5f3a50 Unloading class 0x000002d191844000 'java/lang/invoke/LambdaForm$MH+0x000002d191844000'
Event: 7093.685 Thread 0x000002d18f5f3a50 Unloading class 0x000002d19183f400 'java/lang/invoke/LambdaForm$MH+0x000002d19183f400'
Event: 7093.685 Thread 0x000002d18f5f3a50 Unloading class 0x000002d191838530 'build_33musihv3ew01068lyyd0if3m$_run_closure1'
Event: 7093.685 Thread 0x000002d18f5f3a50 Unloading class 0x000002d191838000 'build_33musihv3ew01068lyyd0if3m'

Classes redefined (0 events):
No events

Internal exceptions (20 events):
Event: 7090.011 Thread 0x000002d1aca22830 Implicit null exception at 0x000002d1883e2bf3 to 0x000002d1883e4744
Event: 7090.011 Thread 0x000002d1aca22830 Implicit null exception at 0x000002d1883afe03 to 0x000002d1883b08d8
Event: 7090.019 Thread 0x000002d1aca22830 Implicit null exception at 0x000002d187e7fb67 to 0x000002d187e80044
Event: 7092.950 Thread 0x000002d1aca22830 Exception <a 'java/lang/NoSuchMethodError'{0x00000000ec15d650}: 'java.lang.Object java.lang.invoke.DirectMethodHandle$Holder.newInvokeSpecial(java.lang.Object, java.lang.Object, int, java.lang.Object, java.lang.Object, java.lang.Object, java.lang.Object)'> (0x00000000ec15d650) 
thrown [s\src\hotspot\share\interpreter\linkResolver.cpp, line 773]
Event: 7092.951 Thread 0x000002d1aca22830 Exception <a 'java/lang/NoSuchMethodError'{0x00000000ec165d60}: 'java.lang.Object java.lang.invoke.Invokers$Holder.linkToTargetMethod(java.lang.Object, int, java.lang.Object, java.lang.Object, java.lang.Object, java.lang.Object, java.lang.Object)'> (0x00000000ec165d60) 
thrown [s\src\hotspot\share\interpreter\linkResolver.cpp, line 773]
Event: 7093.510 Thread 0x000002d1aca22830 Exception <a 'java/lang/NoSuchMethodError'{0x00000000ffdd9170}: 'java.lang.Object java.lang.invoke.DirectMethodHandle$Holder.newInvokeSpecial(java.lang.Object, java.lang.Object, java.lang.Object, java.lang.Object, int, int)'> (0x00000000ffdd9170) 
thrown [s\src\hotspot\share\interpreter\linkResolver.cpp, line 773]
Event: 7094.596 Thread 0x000002d1aca22830 Exception <a 'sun/nio/fs/WindowsException'{0x00000000effb5f28}> (0x00000000effb5f28) 
thrown [s\src\hotspot\share\prims\jni.cpp, line 520]
Event: 7094.888 Thread 0x000002d1aca22830 Implicit null exception at 0x000002d1882504ab to 0x000002d188250a7c
Event: 7094.967 Thread 0x000002d1aca22830 Implicit null exception at 0x000002d187d7c4ae to 0x000002d187d7cf41
Event: 7095.372 Thread 0x000002d1aca22830 Exception <a 'java/lang/NoSuchMethodError'{0x00000000edd54c20}: 'java.lang.Object java.lang.invoke.DirectMethodHandle$Holder.invokeVirtual(java.lang.Object, java.lang.Object, java.lang.Object, int, int)'> (0x00000000edd54c20) 
thrown [s\src\hotspot\share\interpreter\linkResolver.cpp, line 773]
Event: 7097.350 Thread 0x000002d1aca22830 Exception <a 'java/lang/NoSuchMethodError'{0x00000000eea262c8}: 'java.lang.Object java.lang.invoke.DirectMethodHandle$Holder.invokeVirtual(java.lang.Object, java.lang.Object, long)'> (0x00000000eea262c8) 
thrown [s\src\hotspot\share\interpreter\linkResolver.cpp, line 773]
Event: 7097.351 Thread 0x000002d1aca22830 Exception <a 'java/lang/NoSuchMethodError'{0x00000000eea2ab40}: 'long java.lang.invoke.DirectMethodHandle$Holder.invokeStatic(java.lang.Object, java.lang.Object, int)'> (0x00000000eea2ab40) 
thrown [s\src\hotspot\share\interpreter\linkResolver.cpp, line 773]
Event: 7097.355 Thread 0x000002d1aca22830 Exception <a 'java/lang/NoSuchMethodError'{0x00000000eea59068}: 'void java.lang.invoke.DelegatingMethodHandle$Holder.reinvoke_L(java.lang.Object, java.lang.Object, java.lang.Object, int)'> (0x00000000eea59068) 
thrown [s\src\hotspot\share\interpreter\linkResolver.cpp, line 773]
Event: 7097.406 Thread 0x000002d1aca22830 Implicit null exception at 0x000002d187f4d7b1 to 0x000002d187f4e1e8
Event: 7097.424 Thread 0x000002d1aca22830 Exception <a 'java/lang/NoSuchMethodError'{0x00000000ee812630}: 'java.lang.Object java.lang.invoke.DirectMethodHandle$Holder.invokeVirtual(java.lang.Object, java.lang.Object, long, java.lang.Object)'> (0x00000000ee812630) 
thrown [s\src\hotspot\share\interpreter\linkResolver.cpp, line 773]
Event: 7097.424 Thread 0x000002d1aca22830 Exception <a 'java/lang/NoSuchMethodError'{0x00000000ee816fc0}: 'java.lang.Object java.lang.invoke.DirectMethodHandle$Holder.invokeSpecial(java.lang.Object, java.lang.Object, java.lang.Object, long, java.lang.Object)'> (0x00000000ee816fc0) 
thrown [s\src\hotspot\share\interpreter\linkResolver.cpp, line 773]
Event: 7097.425 Thread 0x000002d1aca22830 Exception <a 'java/lang/NoSuchMethodError'{0x00000000ee81b720}: 'java.lang.Object java.lang.invoke.DelegatingMethodHandle$Holder.reinvoke_L(java.lang.Object, java.lang.Object, long, java.lang.Object)'> (0x00000000ee81b720) 
thrown [s\src\hotspot\share\interpreter\linkResolver.cpp, line 773]
Event: 7098.958 Thread 0x000002d1aca22830 Exception <a 'sun/nio/fs/WindowsException'{0x00000000eeb7bca8}> (0x00000000eeb7bca8) 
thrown [s\src\hotspot\share\prims\jni.cpp, line 520]
Event: 7099.354 Thread 0x000002d1aca22830 Exception <a 'sun/nio/fs/WindowsException'{0x00000000ed024958}> (0x00000000ed024958) 
thrown [s\src\hotspot\share\prims\jni.cpp, line 520]
Event: 7099.967 Thread 0x000002d1aca22830 Exception <a 'sun/nio/fs/WindowsException'{0x00000000effbdef0}> (0x00000000effbdef0) 
thrown [s\src\hotspot\share\prims\jni.cpp, line 520]

ZGC Phase Switch (0 events):
No events

VM Operations (20 events):
Event: 7095.902 Executing safepoint VM operation: ICBufferFull done
Event: 7096.026 Executing safepoint VM operation: ICBufferFull
Event: 7096.026 Executing safepoint VM operation: ICBufferFull done
Event: 7096.322 Executing safepoint VM operation: G1CollectForAllocation (G1 Evacuation Pause)
Event: 7096.367 Executing safepoint VM operation: G1CollectForAllocation (G1 Evacuation Pause) done
Event: 7097.390 Executing non-safepoint VM operation: HandshakeAllThreads (HandshakeForDeflation)
Event: 7097.390 Executing non-safepoint VM operation: HandshakeAllThreads (HandshakeForDeflation) done
Event: 7097.390 Executing safepoint VM operation: Cleanup
Event: 7097.391 Executing safepoint VM operation: Cleanup done
Event: 7097.392 Executing non-safepoint VM operation: RendezvousGCThreads
Event: 7097.392 Executing non-safepoint VM operation: RendezvousGCThreads done
Event: 7097.474 Executing non-safepoint VM operation: HandshakeAllThreads (Deoptimize)
Event: 7097.474 Executing non-safepoint VM operation: HandshakeAllThreads (Deoptimize) done
Event: 7098.339 Executing safepoint VM operation: G1CollectForAllocation (G1 Evacuation Pause)
Event: 7098.366 Executing safepoint VM operation: G1CollectForAllocation (G1 Evacuation Pause) done
Event: 7099.372 Executing safepoint VM operation: ICBufferFull
Event: 7099.372 Executing safepoint VM operation: ICBufferFull done
Event: 7099.574 Executing safepoint VM operation: G1CollectForAllocation (G1 Evacuation Pause)
Event: 7099.584 Executing safepoint VM operation: G1CollectForAllocation (G1 Evacuation Pause) done
Event: 7099.976 Executing safepoint VM operation: G1PauseRemark

Memory protections (0 events):
No events

Nmethod flushes (20 events):
Event: 7099.997 Thread 0x000002d18f5f3a50 flushing  nmethod 0x000002d181f1f290
Event: 7099.997 Thread 0x000002d18f5f3a50 flushing  nmethod 0x000002d181f21290
Event: 7099.997 Thread 0x000002d18f5f3a50 flushing  nmethod 0x000002d181f22890
Event: 7099.997 Thread 0x000002d18f5f3a50 flushing  nmethod 0x000002d181f28110
Event: 7099.997 Thread 0x000002d18f5f3a50 flushing  nmethod 0x000002d181f2f190
Event: 7099.997 Thread 0x000002d18f5f3a50 flushing  nmethod 0x000002d181f94e90
Event: 7099.997 Thread 0x000002d18f5f3a50 flushing  nmethod 0x000002d181f95290
Event: 7099.997 Thread 0x000002d18f5f3a50 flushing  nmethod 0x000002d181f95990
Event: 7099.997 Thread 0x000002d18f5f3a50 flushing  nmethod 0x000002d181f96190
Event: 7099.997 Thread 0x000002d18f5f3a50 flushing  nmethod 0x000002d181f99190
Event: 7099.997 Thread 0x000002d18f5f3a50 flushing  nmethod 0x000002d181fd4d10
Event: 7099.997 Thread 0x000002d18f5f3a50 flushing  nmethod 0x000002d181fd5c90
Event: 7099.997 Thread 0x000002d18f5f3a50 flushing  nmethod 0x000002d18202b210
Event: 7099.997 Thread 0x000002d18f5f3a50 flushing  nmethod 0x000002d18202ba90
Event: 7099.997 Thread 0x000002d18f5f3a50 flushing  nmethod 0x000002d18202bf10
Event: 7099.997 Thread 0x000002d18f5f3a50 flushing  nmethod 0x000002d18202cf90
Event: 7099.997 Thread 0x000002d18f5f3a50 flushing  nmethod 0x000002d18202d390
Event: 7099.997 Thread 0x000002d18f5f3a50 flushing  nmethod 0x000002d18202d810
Event: 7099.997 Thread 0x000002d18f5f3a50 flushing  nmethod 0x000002d18202e190
Event: 7099.997 Thread 0x000002d18f5f3a50 flushing  nmethod 0x000002d182032a90

Events (20 events):
Event: 7084.686 Thread 0x000002d1ab63a6e0 Thread added: 0x000002d1aca200d0
Event: 7084.686 Thread 0x000002d1ab63a6e0 Thread added: 0x000002d1aca221a0
Event: 7084.712 Thread 0x000002d1ab63a6e0 Thread added: 0x000002d1aca22ec0
Event: 7086.200 Thread 0x000002d18f6c33d0 Thread added: 0x000002d1ae6ac910
Event: 7086.809 Thread 0x000002d1ae6ac910 Thread exited: 0x000002d1ae6ac910
Event: 7086.951 Thread 0x000002d18f6c33d0 Thread added: 0x000002d1ae6ae450
Event: 7087.087 Thread 0x000002d1ae6ae450 Thread exited: 0x000002d1ae6ae450
Event: 7087.321 Thread 0x000002d18f6c33d0 Thread added: 0x000002d1ae6a7e20
Event: 7088.688 Thread 0x000002d1ae6a7e20 Thread exited: 0x000002d1ae6a7e20
Event: 7089.524 Thread 0x000002d1ab63a6e0 Thread added: 0x000002d1aca24900
Event: 7089.526 Thread 0x000002d1aca24900 Thread added: 0x000002d1aca22830
Event: 7089.526 Thread 0x000002d1aca24900 Thread added: 0x000002d1aca20760
Event: 7089.526 Thread 0x000002d1aca24900 Thread added: 0x000002d1aca1fa40
Event: 7089.529 Thread 0x000002d1aca22830 Thread added: 0x000002d1aca21480
Event: 7089.555 Thread 0x000002d18f6c33d0 Thread added: 0x000002d1ae6a7e20
Event: 7090.931 Thread 0x000002d1aca22830 Thread added: 0x000002d1ad760980
Event: 7093.539 Thread 0x000002d1ae6a7e20 Thread exited: 0x000002d1ae6a7e20
Event: 7094.438 Thread 0x000002d18f6c33d0 Thread added: 0x000002d1ae6ab4a0
Event: 7096.991 Thread 0x000002d1ae6ab4a0 Thread exited: 0x000002d1ae6ab4a0
Event: 7097.215 Thread 0x000002d18f6c33d0 Thread added: 0x000002d1ae6aa700


Dynamic libraries:
0x00007ff764090000 - 0x00007ff76409e000 	C:\Users\Administrator\.jdks\ms-21.0.10\bin\java.exe
0x00007ffc48e80000 - 0x00007ffc4906f000 	C:\Windows\SYSTEM32\ntdll.dll
0x00007ffc478b0000 - 0x00007ffc47963000 	C:\Windows\System32\KERNEL32.DLL
0x00007ffc44f00000 - 0x00007ffc4519d000 	C:\Windows\System32\KERNELBASE.dll
0x00007ffc45360000 - 0x00007ffc4545a000 	C:\Windows\System32\ucrtbase.dll
0x00007ffc301b0000 - 0x00007ffc301c8000 	C:\Users\Administrator\.jdks\ms-21.0.10\bin\jli.dll
0x00007ffc2f890000 - 0x00007ffc2f8ae000 	C:\Users\Administrator\.jdks\ms-21.0.10\bin\VCRUNTIME140.dll
0x00007ffc47710000 - 0x00007ffc478a8000 	C:\Windows\System32\USER32.dll
0x00007ffc451a0000 - 0x00007ffc451c0000 	C:\Windows\System32\win32u.dll
0x00007ffc48870000 - 0x00007ffc48899000 	C:\Windows\System32\GDI32.dll
0x00007ffc45cf0000 - 0x00007ffc45e96000 	C:\Windows\System32\gdi32full.dll
0x00007ffc35b60000 - 0x00007ffc35dd9000 	C:\Windows\WinSxS\amd64_microsoft.windows.common-controls_6595b64144ccf1df_6.0.17763.4737_none_de704896534c368b\COMCTL32.dll
0x00007ffc452c0000 - 0x00007ffc45360000 	C:\Windows\System32\msvcp_win.dll
0x00007ffc46110000 - 0x00007ffc461ae000 	C:\Windows\System32\msvcrt.dll
0x00007ffc47e30000 - 0x00007ffc4815b000 	C:\Windows\System32\combase.dll
0x00007ffc48ba0000 - 0x00007ffc48cbe000 	C:\Windows\System32\RPCRT4.dll
0x00007ffc45460000 - 0x00007ffc454e2000 	C:\Windows\System32\bcryptPrimitives.dll
0x00007ffc48cc0000 - 0x00007ffc48cee000 	C:\Windows\System32\IMM32.DLL
0x0000000062f90000 - 0x0000000062f9d000 	C:\Program Files (x86)\360\Total Security\safemon\SafeWrapper.dll
0x00007ffc481e0000 - 0x00007ffc48287000 	C:\Windows\System32\ADVAPI32.dll
0x00007ffc488a0000 - 0x00007ffc4893f000 	C:\Windows\System32\sechost.dll
0x00007ffc43a80000 - 0x00007ffc43b85000 	C:\Program Files (x86)\360\Total Security\safemon\libzdtp64.dll
0x00007ffc46210000 - 0x00007ffc47708000 	C:\Windows\System32\SHELL32.dll
0x00007ffc45270000 - 0x00007ffc452ba000 	C:\Windows\System32\cfgmgr32.dll
0x00007ffc48290000 - 0x00007ffc48337000 	C:\Windows\System32\shcore.dll
0x00007ffc45550000 - 0x00007ffc45c97000 	C:\Windows\System32\windows.storage.dll
0x00007ffc44e70000 - 0x00007ffc44e93000 	C:\Windows\System32\profapi.dll
0x00007ffc44ea0000 - 0x00007ffc44efd000 	C:\Windows\System32\powrprof.dll
0x00007ffc47dc0000 - 0x00007ffc47e12000 	C:\Windows\System32\shlwapi.dll
0x00007ffc44e50000 - 0x00007ffc44e61000 	C:\Windows\System32\kernel.appcore.dll
0x00007ffc45ca0000 - 0x00007ffc45cbb000 	C:\Windows\System32\cryptsp.dll
0x00007ffc44920000 - 0x00007ffc4492a000 	C:\Windows\SYSTEM32\VERSION.dll
0x00007ffc355b0000 - 0x00007ffc355bc000 	C:\Users\Administrator\.jdks\ms-21.0.10\bin\vcruntime140_1.dll
0x00007ffbeae70000 - 0x00007ffbeaef9000 	C:\Users\Administrator\.jdks\ms-21.0.10\bin\msvcp140.dll
0x00007ffbd8bb0000 - 0x00007ffbd995d000 	C:\Users\Administrator\.jdks\ms-21.0.10\bin\server\jvm.dll
0x00007ffc48940000 - 0x00007ffc489ad000 	C:\Windows\System32\WS2_32.dll
0x00007ffc41630000 - 0x00007ffc41654000 	C:\Windows\SYSTEM32\WINMM.dll
0x00007ffc41600000 - 0x00007ffc4162d000 	C:\Windows\SYSTEM32\winmmbase.dll
0x00007ffc35400000 - 0x00007ffc3540a000 	C:\Users\Administrator\.jdks\ms-21.0.10\bin\jimage.dll
0x00007ffc42f40000 - 0x00007ffc4312d000 	C:\Windows\SYSTEM32\DBGHELP.DLL
0x00007ffc31370000 - 0x00007ffc3139a000 	C:\Windows\SYSTEM32\dbgcore.DLL
0x00007ffc34390000 - 0x00007ffc343a0000 	C:\Users\Administrator\.jdks\ms-21.0.10\bin\instrument.dll
0x00007ffc2cdb0000 - 0x00007ffc2cdd1000 	C:\Users\Administrator\.jdks\ms-21.0.10\bin\java.dll
0x00007ffbead90000 - 0x00007ffbeae66000 	C:\Users\Administrator\.jdks\ms-21.0.10\bin\jsvml.dll
0x00007ffc2cd90000 - 0x00007ffc2cda8000 	C:\Users\Administrator\.jdks\ms-21.0.10\bin\zip.dll
0x00007ffc2c240000 - 0x00007ffc2c251000 	C:\Users\Administrator\.jdks\ms-21.0.10\bin\net.dll
0x00007ffc3c450000 - 0x00007ffc3c54d000 	C:\Windows\SYSTEM32\WINHTTP.dll
0x00007ffc445b0000 - 0x00007ffc44617000 	C:\Windows\system32\mswsock.dll
0x00007ffc2afd0000 - 0x00007ffc2afe6000 	C:\Users\Administrator\.jdks\ms-21.0.10\bin\nio.dll
0x00007ffc33100000 - 0x00007ffc33110000 	C:\Users\Administrator\.jdks\ms-21.0.10\bin\verify.dll
0x00007ffc28c00000 - 0x00007ffc28c27000 	C:\Users\Administrator\.gradle\native\660c5614fbf4a5f2a75b1949f50a0caf5cd603558e7d8a26e50b933a0cfb79d1\windows-amd64\native-platform.dll
0x00007ffbead10000 - 0x00007ffbead87000 	C:\Users\Administrator\.gradle\native\0.2.8\x86_64-windows-gnu\gradle-fileevents.dll
0x00007ffc32fc0000 - 0x00007ffc32fca000 	C:\Users\Administrator\.jdks\ms-21.0.10\bin\management.dll
0x00007ffc32fa0000 - 0x00007ffc32fac000 	C:\Users\Administrator\.jdks\ms-21.0.10\bin\management_ext.dll
0x00007ffc489b0000 - 0x00007ffc489b8000 	C:\Windows\System32\PSAPI.DLL
0x00007ffc442c0000 - 0x00007ffc442fd000 	C:\Windows\SYSTEM32\IPHLPAPI.DLL
0x00007ffc48b90000 - 0x00007ffc48b98000 	C:\Windows\System32\NSI.dll
0x00007ffc32e50000 - 0x00007ffc32e59000 	C:\Users\Administrator\.jdks\ms-21.0.10\bin\extnet.dll
0x00007ffc44130000 - 0x00007ffc44163000 	C:\Windows\system32\rsaenh.dll
0x00007ffc45cc0000 - 0x00007ffc45ce6000 	C:\Windows\System32\bcrypt.dll
0x00007ffc44d60000 - 0x00007ffc44d89000 	C:\Windows\SYSTEM32\USERENV.dll
0x00007ffc44780000 - 0x00007ffc4478c000 	C:\Windows\SYSTEM32\CRYPTBASE.dll
0x00007ffc30b00000 - 0x00007ffc30b0e000 	C:\Users\Administrator\.jdks\ms-21.0.10\bin\sunmscapi.dll
0x00007ffc45ea0000 - 0x00007ffc460a4000 	C:\Windows\System32\CRYPT32.dll
0x00007ffc44e30000 - 0x00007ffc44e42000 	C:\Windows\System32\MSASN1.dll
0x00007ffc448e0000 - 0x00007ffc4490c000 	C:\Windows\SYSTEM32\ncrypt.dll
0x00007ffc448a0000 - 0x00007ffc448dc000 	C:\Windows\SYSTEM32\NTASN1.dll
0x00007ffc40330000 - 0x00007ffc40337000 	C:\Windows\system32\wshunix.dll
0x00007ffc44300000 - 0x00007ffc443c6000 	C:\Windows\SYSTEM32\DNSAPI.dll
0x00007ffc3e800000 - 0x00007ffc3e80a000 	C:\Windows\System32\rasadhlp.dll
0x00007ffc3e250000 - 0x00007ffc3e2c9000 	C:\Windows\System32\fwpuclnt.dll
0x00007ffc43dd0000 - 0x00007ffc43e01000 	C:\Windows\SYSTEM32\ntmarta.dll

JVMTI agents:
C:\Users\Administrator\.gradle\wrapper\dists\gradle-9.7.1-bin\1w1c7tv4s851m17nbqdsro2tv\gradle-9.7.1\lib\agents\gradle-instrumentation-agent-9.7.1.jar path:C:\Users\Administrator\.jdks\ms-21.0.10\bin\instrument.dll, loaded, initialized, instrumentlib options:none

dbghelp: loaded successfully - version: 4.0.5 - missing functions: none
symbol engine: initialized successfully - sym options: 0x614 - pdb path: .;C:\Users\Administrator\.jdks\ms-21.0.10\bin;C:\Windows\SYSTEM32;C:\Windows\WinSxS\amd64_microsoft.windows.common-controls_6595b64144ccf1df_6.0.17763.4737_none_de704896534c368b;C:\Program Files (x86)\360\Total Security\safemon;C:\Users\Administrator\.jdks\ms-21.0.10\bin\server;C:\Users\Administrator\.gradle\native\660c5614fbf4a5f2a75b1949f50a0caf5cd603558e7d8a26e50b933a0cfb79d1\windows-amd64;C:\Users\Administrator\.gradle\native\0.2.8\x86_64-windows-gnu

VM Arguments:
jvm_args: --add-opens=java.base/java.lang=ALL-UNNAMED --add-opens=java.base/java.lang.invoke=ALL-UNNAMED --add-opens=java.base/java.util=ALL-UNNAMED --add-opens=java.prefs/java.util.prefs=ALL-UNNAMED --add-exports=jdk.compiler/com.sun.tools.javac.api=ALL-UNNAMED --add-exports=jdk.compiler/com.sun.tools.javac.util=ALL-UNNAMED --add-opens=java.base/java.nio.charset=ALL-UNNAMED --add-opens=java.base/java.net=ALL-UNNAMED --add-opens=java.base/java.util.concurrent=ALL-UNNAMED --add-opens=java.base/java.util.concurrent.atomic=ALL-UNNAMED --add-opens=java.xml/javax.xml.namespace=ALL-UNNAMED --add-opens=java.base/java.time=ALL-UNNAMED -XX:MaxMetaspaceSize=384m -XX:+HeapDumpOnOutOfMemoryError -Xms256m -Xmx512m -Dfile.encoding=UTF-8 -Duser.country=US -Duser.language=en -Duser.variant -javaagent:C:\Users\Administrator\.gradle\wrapper\dists\gradle-9.7.1-bin\1w1c7tv4s851m17nbqdsro2tv\gradle-9.7.1\lib\agents\gradle-instrumentation-agent-9.7.1.jar 
java_command: org.gradle.launcher.daemon.bootstrap.GradleDaemon 9.7.1
java_class_path (initial): C:\Users\Administrator\.gradle\wrapper\dists\gradle-9.7.1-bin\1w1c7tv4s851m17nbqdsro2tv\gradle-9.7.1\lib\gradle-daemon-main-9.7.1.jar
Launcher Type: SUN_STANDARD

[Global flags]
     intx CICompilerCount                          = 3                                         {product} {ergonomic}
   size_t CompressedClassSpaceSize                 = 335544320                                 {product} {ergonomic}
     uint ConcGCThreads                            = 1                                         {product} {ergonomic}
     uint G1ConcRefinementThreads                  = 4                                         {product} {ergonomic}
   size_t G1HeapRegionSize                         = 1048576                                   {product} {ergonomic}
    uintx GCDrainStackTargetSize                   = 64                                        {product} {ergonomic}
     bool HeapDumpOnOutOfMemoryError               = true                                   {manageable} {command line}
   size_t InitialHeapSize                          = 268435456                                 {product} {command line}
   size_t MarkStackSize                            = 4194304                                   {product} {ergonomic}
   size_t MaxHeapSize                              = 536870912                                 {product} {command line}
   size_t MaxMetaspaceSize                         = 402653184                                 {product} {command line}
   size_t MaxNewSize                               = 321912832                                 {product} {ergonomic}
   size_t MinHeapDeltaBytes                        = 1048576                                   {product} {ergonomic}
   size_t MinHeapSize                              = 268435456                                 {product} {command line}
    uintx NonNMethodCodeHeapSize                   = 5832780                                {pd product} {ergonomic}
    uintx NonProfiledCodeHeapSize                  = 122912730                              {pd product} {ergonomic}
    uintx ProfiledCodeHeapSize                     = 122912730                              {pd product} {ergonomic}
    uintx ReservedCodeCacheSize                    = 251658240                              {pd product} {ergonomic}
     bool SegmentedCodeCache                       = true                                      {product} {ergonomic}
   size_t SoftMaxHeapSize                          = 536870912                              {manageable} {ergonomic}
     bool UseCompressedOops                        = true                           {product lp64_product} {ergonomic}
     bool UseG1GC                                  = true                                      {product} {ergonomic}
     bool UseLargePagesIndividualAllocation        = false                                  {pd product} {ergonomic}

Logging:
Log output configuration:
 #0: stdout all=warning uptime,level,tags foldmultilines=false
 #1: stderr all=off uptime,level,tags foldmultilines=false

Release file:
IMPLEMENTOR="Microsoft" 
IMPLEMENTOR_VERSION="Microsoft-13106404" 
JAVA_RUNTIME_VERSION="21.0.10+7-LTS" 
JAVA_VERSION="21.0.10" 
JAVA_VERSION_DATE="2026-01-20" 
LIBC="default" 
MODULES="java.base java.compiler java.datatransfer java.xml java.prefs java.desktop java.instrument java.logging java.management java.security.sasl java.naming java.rmi java.management.rmi java.net.http java.scripting java.security.jgss java.transaction.xa java.sql java.sql.rowset java.xml.crypto java.se java.smartcardio jdk.accessibility jdk.internal.jvmstat jdk.attach jdk.charsets jdk.internal.opt jdk.zipfs jdk.compiler jdk.crypto.ec jdk.crypto.cryptoki jdk.crypto.mscapi jdk.dynalink jdk.internal.ed jdk.editpad jdk.hotspot.agent jdk.httpserver jdk.incubator.vector jdk.internal.le jdk.internal.vm.ci jdk.internal.vm.compiler jdk.internal.vm.compiler.management jdk.jartool jdk.javadoc jdk.jcmd jdk.management jdk.management.agent jdk.jconsole jdk.jdeps jdk.jdwp.agent jdk.jdi jdk.jfr jdk.jlink jdk.jpackage jdk.jshell jdk.jsobject jdk.jstatd jdk.localedata jdk.management.jfr jdk.naming.dns jdk.naming.rmi jdk.net jdk.nio.mapmode jdk.random jdk.sctp jdk.security.auth jdk.security.jgss jdk.unsupported jdk.unsupported.desktop jdk.xml.dom" 
OS_ARCH="x86_64" 
OS_NAME="Windows" 
SOURCE=".:git:e69b6ef7382e" 

Environment Variables:
PATH=C:\Users\Administrator\Downloads\gradle-9.4.1-bin\gradle-9.4.1\bin;C:\Users\Administrator\AppData\Local\Programs\Python\Python311\Scripts;C:\Program Files\Microsoft MPI\Bin\;C:\Program Files (x86)\VMware\VMware Workstation\bin\;C:\Program Files\Common Files\Oracle\Java\javapath;C:\Windows\system32;C:\Windows;C:\Windows\System32\Wbem;C:\Windows\System32\WindowsPowerShell\v1.0\;C:\Windows\System32\OpenSSH\;C:\FPC\3.2.2\bin\i386-Win32;C:\Program Files\Cloudflare\Cloudflare WARP\;C:\Program Files (x86)\Microsoft SQL Server\160\Tools\Binn\;C:\Program Files\Microsoft SQL Server\160\Tools\Binn\;C:\Program Files\Microsoft SQL Server\Client SDK\ODBC\170\Tools\Binn\;C:\Program Files\Microsoft SQL Server\160\DTS\Binn\;C:\Program Files (x86)\Microsoft SQL Server\160\DTS\Binn\;C:\Program Files\Git\cmd;C:\Program Files\Microsoft VS Code\bin;C:\Program Files\nodejs\;C:\Users\Administrator\AppData\Local\Microsoft\WindowsApps;C:\Users\Administrator\Downloads\Microsoft VS Code\bin;C:\Program Files\JetBrains\WebStorm 2025.3\bin;C:\Users\Administrator\AppData\Local\GitHubDesktop\bin;C:\Users\Administrator\AppData\Local\Kingsoft\WPS Office\12.1.0.27458\clitool;C:\Users\Administrator\AppData\Roaming\npm
USERNAME=Administrator
OS=Windows_NT
PROCESSOR_IDENTIFIER=Intel64 Family 6 Model 61 Stepping 4, GenuineIntel
TMP=C:\Users\ADMINI~1\AppData\Local\Temp
TEMP=C:\Users\ADMINI~1\AppData\Local\Temp




Periodic native trim disabled

---------------  S Y S T E M  ---------------

OS:
 Windows 10 , 64 bit Build 17763 (10.0.17763.4720)
OS uptime: 20 days 4:57 hours

CPU: total 4 (initial active 4) (2 cores per cpu, 2 threads per core) family 6 model 61 stepping 4 microcode 0x2f, cx8, cmov, fxsr, ht, mmx, 3dnowpref, sse, sse2, sse3, ssse3, sse4.1, sse4.2, popcnt, lzcnt, tsc, tscinvbit, avx, avx2, aes, erms, clmul, bmi1, bmi2, rtm, adx, fma, vzeroupper, clflush, rdtscp, f16c
Processor Information for the first 4 processors :
  Max Mhz: 2594, Current Mhz: 498, Mhz Limit: 492

Memory: 4k page, system-wide physical 8064M (2840M free)
TotalPageFile size 16256M (AvailPageFile size 24M)
current process WorkingSet (physical memory assigned to process): 518M, peak: 520M
current process commit charge ("private bytes"): 651M, peak: 664M

vm_info: OpenJDK 64-Bit Server VM (21.0.10+7-LTS) for windows-amd64 JRE (21.0.10+7-LTS), built on 2026-01-15T18:39:42Z by "MicrosoftCorporation" with MS VC++ 17.14 (VS2022)

END.
